standard_name,term,category,report_year,snippet,likely_table_context,notes
Spitalfields,fever,disease,1891,4 over the age of 80 0 causes of the deaths accidents fractures run over etc 16 burns scalds etc 8 drowning 1 accidental suffocation in bed etc 16 suicide 1 murder 1 other causes 4 page 41 11 outlying public institutions and extra metropolitan asylums deaths total number of deaths 192 males 97 females 95 age distribution of deaths sub district distribution of deaths under the age of 1 year 19 between the ages of 1 and 5 37 spitalfields sub district 57 5 20 17 mile end new town do 20 20 40 41 whitechapel church do 70 40 60 35 goodman's fields do 19 60 80 31 aldgatp do 26 over the age of 80 12 classification of cause of deaths zymotic diseases measles 3 scarlet fever 6 pertussis 1 diphtheria 30 enteric fever 3 diarrhcea 3 constitutional diseases 33 premature birth and old age 11 diseases of nervous system 40 special sense 2 circulatory system 20 respiratory 22 digestive 5 urinary 5 generative 2 locomotive 1 accidents 5 old age deaths age distribution of the deaths sub registration district distribution between the ages of 80 and 85 23 spitalfields sub distri 11 1 85 90 12 mile end new town do 6 above the age of,True,Likely table/statistical context: many_numbers=65; repeated_table_words=9; repeated_columns=age|causes|district|sub; fragmented_or_short=210_tokens
Spitalfields,fever,disease,1892,the total deaths from the disease occurred thus supporting the experience of the previous year thirty three men died to thirty seven women the age mortality was as follows 1 died from influenza between 10 and 20 years of age 9 20 and 40 25 40 and 60 24 60 and 80 11 at over 80 years of age the sub registration districts wherein the patients had previously resided and the number belonging to each i also append in the spitalfields sub registration district 27 mile end new town 11 whitechapel church 23 goodman's fields 9 in concluding this part of my report i wish to mention that one death from typhus fever was registered during the year i have sufficient reason however to state that most probably there was an error in diagnosis in this case it occurred in a model dwelling the patient was an elderly man living by himself in one room he was looked after by his daughter and her husband who occupied an adjoining room the man had not been from home for some weeks and a medical gentleman who saw the case in consultation with the doctor,True,Likely table/statistical context: many_numbers=18; repeated_table_words=5; repeated_columns=age|sub|year
Spitalfields,fever,disease,1892,table of deaths during the year in the metropolitan sanitary district of whitechapel classified according to diseases ages and localities names of localities mortality from all causes at subjoined ages for the 53 weeks of the year 1892 ending 31st december 1 2 3 4 5 6 7 and 9 10 11 12 13 14 15 16 17 18 19 20 21 22 small pox scarlatina diphtheria membranous croup fevers cholera erysipelas measles whooping cough diarrh a and dysentery rheumatic fever ague phthisis bronchitis pneumonia and pleurisy heart disease injuries all other causes total at all ages under 1 year 1 and under 5 5 and under 15 15 and under 25 25 and under 65 65 and upwards typhus enteric or typhoid continued relapsing puerperal spitalfields sub registration district 335 125 51 10 6 101 42 under 5 1 2 1 17 15 10 31 9 86 175 5 upwards 1 2 1 3 1 1 22 45 32 1 51 160 mile end new town sub registration district 678 148 75 11 24 294 126 under 5 2 1 16 11 11 5 4 140 223 5 upwards 2 1 1 4 2 3 99 91 49 9 194 455 whitechapel church sub registration district,True,Likely table/statistical context: many_numbers=94; repeated_columns=causes|district|sub|year; fragmented_or_short=207_tokens
Spitalfields,fever,disease,1892,upwards 7 ii 1 13 14 16 2 66 130 ii table of population births and new casks of infectious sickness coming to the knowledge of the medical officer of health during the year 1892 in the metropolitan sanitary district of whitechapel classified according to diseases ages and localities names of localities and c population at all ages census population 1891 births during 53 weeks of 1892 cases of infectious disease notified cases removed to hospitals ages small pox scarlet fever diphtheria membranous croup typhus fever enteric fever contind fever relapsing fever puerperal fever cholera erysipelas small pox scarlet fever diphtheria membranous croup typhus fever enteric fever contnd fever relapsing fever puerperal fevei cholera erysipelas spitalfields sub registra tion district males fmales under 5 yrs 5 85 37 5 4 5 61 32 2 11468 10988 5 yrs and over 13 4 33 12 4 40 13 81 28 8 1 mile end new town sub registratn district including the infirmary 9433 8475 under 5 vrs 61 24 4 1 1 49 15 1 1 see table page 4 5 yrs and over 30 22 9 1 20 22 18 4 whitechapel church sub registratn district,True,Likely table/statistical context: many_numbers=58; repeated_columns=district|sub; fragmented_or_short=196_tokens
Spitalfields,fever,disease,1892,14 16 2 66 130 ii table of population births and new casks of infectious sickness coming to the knowledge of the medical officer of health during the year 1892 in the metropolitan sanitary district of whitechapel classified according to diseases ages and localities names of localities and c population at all ages census population 1891 births during 53 weeks of 1892 cases of infectious disease notified cases removed to hospitals ages small pox scarlet fever diphtheria membranous croup typhus fever enteric fever contind fever relapsing fever puerperal fever cholera erysipelas small pox scarlet fever diphtheria membranous croup typhus fever enteric fever contnd fever relapsing fever puerperal fevei cholera erysipelas spitalfields sub registra tion district males fmales under 5 yrs 5 85 37 5 4 5 61 32 2 11468 10988 5 yrs and over 13 4 33 12 4 40 13 81 28 8 1 mile end new town sub registratn district including the infirmary 9433 8475 under 5 vrs 61 24 4 1 1 49 15 1 1 see table page 4 5 yrs and over 30 22 9 1 20 22 18 4 whitechapel church sub registratn district,True,Likely table/statistical context: many_numbers=55; repeated_columns=district|sub; fragmented_or_short=191_tokens
Mile End New Town,fever,disease,1891,causes of the deaths accidents fractures run over etc 16 burns scalds etc 8 drowning 1 accidental suffocation in bed etc 16 suicide 1 murder 1 other causes 4 page 41 11 outlying public institutions and extra metropolitan asylums deaths total number of deaths 192 males 97 females 95 age distribution of deaths sub district distribution of deaths under the age of 1 year 19 between the ages of 1 and 5 37 spitalfields sub district 57 5 20 17 mile end new town do 20 20 40 41 whitechapel church do 70 40 60 35 goodman's fields do 19 60 80 31 aldgatp do 26 over the age of 80 12 classification of cause of deaths zymotic diseases measles 3 scarlet fever 6 pertussis 1 diphtheria 30 enteric fever 3 diarrhcea 3 constitutional diseases 33 premature birth and old age 11 diseases of nervous system 40 special sense 2 circulatory system 20 respiratory 22 digestive 5 urinary 5 generative 2 locomotive 1 accidents 5 old age deaths age distribution of the deaths sub registration district distribution between the ages of 80 and 85 23 spitalfields sub distri 11 1 85 90 12 mile end new town do 6 above the age of,True,Likely table/statistical context: many_numbers=62; repeated_table_words=9; repeated_columns=age|causes|district|sub; fragmented_or_short=203_tokens
Mile End New Town,fever,disease,1891,causes of the deaths accidents fractures run over etc 16 burns scalds etc 8 drowning 1 accidental suffocation in bed etc 16 suicide 1 murder 1 other causes 4 page 41 11 outlying public institutions and extra metropolitan asylums deaths total number of deaths 192 males 97 females 95 age distribution of deaths sub district distribution of deaths under the age of 1 year 19 between the ages of 1 and 5 37 spitalfields sub district 57 5 20 17 mile end new town do 20 20 40 41 whitechapel church do 70 40 60 35 goodman's fields do 19 60 80 31 aldgatp do 26 over the age of 80 12 classification of cause of deaths zymotic diseases measles 3 scarlet fever 6 pertussis 1 diphtheria 30 enteric fever 3 diarrhcea 3 constitutional diseases 33 premature birth and old age 11 diseases of nervous system 40 special sense 2 circulatory system 20 respiratory 22 digestive 5 urinary 5 generative 2 locomotive 1 accidents 5 old age deaths age distribution of the deaths sub registration district distribution between the ages of 80 and 85 23 spitalfields sub distri 11 1 85 90 12 mile end new town do 6 above the age of 91 2 whitechapel church do 18 92,True,Likely table/statistical context: many_numbers=66; repeated_table_words=9; repeated_columns=age|causes|district|sub; fragmented_or_short=210_tokens
Mile End New Town,fever,disease,1892,disease occurred thus supporting the experience of the previous year thirty three men died to thirty seven women the age mortality was as follows 1 died from influenza between 10 and 20 years of age 9 20 and 40 25 40 and 60 24 60 and 80 11 at over 80 years of age the sub registration districts wherein the patients had previously resided and the number belonging to each i also append in the spitalfields sub registration district 27 mile end new town 11 whitechapel church 23 goodman's fields 9 in concluding this part of my report i wish to mention that one death from typhus fever was registered during the year i have sufficient reason however to state that most probably there was an error in diagnosis in this case it occurred in a model dwelling the patient was an elderly man living by himself in one room he was looked after by his daughter and her husband who occupied an adjoining room the man had not been from home for some weeks and a medical gentleman who saw the case in consultation with the doctor,True,Likely table/statistical context: many_numbers=18; repeated_columns=age|sub|year
Mile End New Town,fever,disease,1892,knowledge of the medical officer of health during the year 1892 in the metropolitan sanitary district of whitechapel classified according to diseases ages and localities names of localities and c population at all ages census population 1891 births during 53 weeks of 1892 cases of infectious disease notified cases removed to hospitals ages small pox scarlet fever diphtheria membranous croup typhus fever enteric fever contind fever relapsing fever puerperal fever cholera erysipelas small pox scarlet fever diphtheria membranous croup typhus fever enteric fever contnd fever relapsing fever puerperal fevei cholera erysipelas spitalfields sub registra tion district males fmales under 5 yrs 5 85 37 5 4 5 61 32 2 11468 10988 5 yrs and over 13 4 33 12 4 40 13 81 28 8 1 mile end new town sub registratn district including the infirmary 9433 8475 under 5 vrs 61 24 4 1 1 49 15 1 1 see table page 4 5 yrs and over 30 22 9 1 20 22 18 4 whitechapel church sub registratn district including the london hospital 10419 9879 u nder 5 yrs 70 33 5 1 47 2 3 1 5 yrs and over 97 49 1 10 2 34 64 26 7 4 goodman's fields 5 ub,True,Likely table/statistical context: many_numbers=73; repeated_columns=district|sub; fragmented_or_short=208_tokens
Mile End New Town,fever,disease,1892,the medical officer of health during the year 1892 in the metropolitan sanitary district of whitechapel classified according to diseases ages and localities names of localities and c population at all ages census population 1891 births during 53 weeks of 1892 cases of infectious disease notified cases removed to hospitals ages small pox scarlet fever diphtheria membranous croup typhus fever enteric fever contind fever relapsing fever puerperal fever cholera erysipelas small pox scarlet fever diphtheria membranous croup typhus fever enteric fever contnd fever relapsing fever puerperal fevei cholera erysipelas spitalfields sub registra tion district males fmales under 5 yrs 5 85 37 5 4 5 61 32 2 11468 10988 5 yrs and over 13 4 33 12 4 40 13 81 28 8 1 mile end new town sub registratn district including the infirmary 9433 8475 under 5 vrs 61 24 4 1 1 49 15 1 1 see table page 4 5 yrs and over 30 22 9 1 20 22 18 4 whitechapel church sub registratn district including the london hospital 10419 9879 u nder 5 yrs 70 33 5 1 47 2 3 1 5 yrs and over 97 49 1 10 2 34 64 26 7 4 goodman's fields 5 ub,True,Likely table/statistical context: many_numbers=73; repeated_columns=district|sub; fragmented_or_short=206_tokens
London Hospital,fever,disease,1890,street 3 2 tenter street east 2 church street c c 2 lardners buildings 1 tenter street north 1 church passage 1 leman street 4 1 tenter street south 3 4 colchester street 1 little alie street 1 tenter street c c 3 college buildings 1 1 lolesworth buildings 2 1 1 2 1 thomas street 2 1 32 table o continued principal zymotic diseases dealt with during the year name of place small pox scarlet fever typhus fever enteric fever diphtheria measles erysipelas croup name of place small pox scarlet fever typhus fever enteric fever diphtheria measles erysipelas croup name of place small pox scarlet fever typhus fever enteric fever diphtheria measles erysipelas croup commercial street 2 lombard street 2 1 thrawl street 2 corbett's court 1 3 london hospital 1 2 tilley street 2 cox square 1 lower e smithfield 2 tower hill 1 crispin street l mansell street 3 tower of london 1 1 dock street 3 middlesex street 2 2 underwood street 2 1 3 1 dorset street 1 1 mount place 1 vine court w c 1 dunk street 1 mount street 3 1 vire yard 1 duke street 2 newcastle place 1 1 vine court c c 1 eastman's court 1 newcastle street 1,True,Likely table/statistical context: many_numbers=60; repeated_columns=name|place|street; fragmented_or_short=210_tokens
London Hospital,fever,disease,1890,2 lardners buildings 1 tenter street north 1 church passage 1 leman street 4 1 tenter street south 3 4 colchester street 1 little alie street 1 tenter street c c 3 college buildings 1 1 lolesworth buildings 2 1 1 2 1 thomas street 2 1 32 table o continued principal zymotic diseases dealt with during the year name of place small pox scarlet fever typhus fever enteric fever diphtheria measles erysipelas croup name of place small pox scarlet fever typhus fever enteric fever diphtheria measles erysipelas croup name of place small pox scarlet fever typhus fever enteric fever diphtheria measles erysipelas croup commercial street 2 lombard street 2 1 thrawl street 2 corbett's court 1 3 london hospital 1 2 tilley street 2 cox square 1 lower e smithfield 2 tower hill 1 crispin street l mansell street 3 tower of london 1 1 dock street 3 middlesex street 2 2 underwood street 2 1 3 1 dorset street 1 1 mount place 1 vine court w c 1 dunk street 1 mount street 3 1 vire yard 1 duke street 2 newcastle place 1 1 vine court c c 1 eastman's court 1 newcastle street 1,True,Likely table/statistical context: many_numbers=57; repeated_columns=name|place|street; fragmented_or_short=199_tokens
London Hospital,fever,disease,1890,buildings 1 tenter street north 1 church passage 1 leman street 4 1 tenter street south 3 4 colchester street 1 little alie street 1 tenter street c c 3 college buildings 1 1 lolesworth buildings 2 1 1 2 1 thomas street 2 1 32 table o continued principal zymotic diseases dealt with during the year name of place small pox scarlet fever typhus fever enteric fever diphtheria measles erysipelas croup name of place small pox scarlet fever typhus fever enteric fever diphtheria measles erysipelas croup name of place small pox scarlet fever typhus fever enteric fever diphtheria measles erysipelas croup commercial street 2 lombard street 2 1 thrawl street 2 corbett's court 1 3 london hospital 1 2 tilley street 2 cox square 1 lower e smithfield 2 tower hill 1 crispin street l mansell street 3 tower of london 1 1 dock street 3 middlesex street 2 2 underwood street 2 1 3 1 dorset street 1 1 mount place 1 vine court w c 1 dunk street 1 mount street 3 1 vire yard 1 duke street 2 newcastle place 1 1 vine court c c 1 eastman's court 1 newcastle street 1,True,Likely table/statistical context: many_numbers=56; repeated_columns=name|place|street; fragmented_or_short=197_tokens
London Hospital,fever,disease,1890,tenter street north 1 church passage 1 leman street 4 1 tenter street south 3 4 colchester street 1 little alie street 1 tenter street c c 3 college buildings 1 1 lolesworth buildings 2 1 1 2 1 thomas street 2 1 32 table o continued principal zymotic diseases dealt with during the year name of place small pox scarlet fever typhus fever enteric fever diphtheria measles erysipelas croup name of place small pox scarlet fever typhus fever enteric fever diphtheria measles erysipelas croup name of place small pox scarlet fever typhus fever enteric fever diphtheria measles erysipelas croup commercial street 2 lombard street 2 1 thrawl street 2 corbett's court 1 3 london hospital 1 2 tilley street 2 cox square 1 lower e smithfield 2 tower hill 1 crispin street l mansell street 3 tower of london 1 1 dock street 3 middlesex street 2 2 underwood street 2 1 3 1 dorset street 1 1 mount place 1 vine court w c 1 dunk street 1 mount street 3 1 vire yard 1 duke street 2 newcastle place 1 1 vine court c c 1 eastman's court 1 newcastle street 1,True,Likely table/statistical context: many_numbers=55; repeated_columns=name|place|street; fragmented_or_short=195_tokens
London Hospital,fever,disease,1890,tenter street south 3 4 colchester street 1 little alie street 1 tenter street c c 3 college buildings 1 1 lolesworth buildings 2 1 1 2 1 thomas street 2 1 32 table o continued principal zymotic diseases dealt with during the year name of place small pox scarlet fever typhus fever enteric fever diphtheria measles erysipelas croup name of place small pox scarlet fever typhus fever enteric fever diphtheria measles erysipelas croup name of place small pox scarlet fever typhus fever enteric fever diphtheria measles erysipelas croup commercial street 2 lombard street 2 1 thrawl street 2 corbett's court 1 3 london hospital 1 2 tilley street 2 cox square 1 lower e smithfield 2 tower hill 1 crispin street l mansell street 3 tower of london 1 1 dock street 3 middlesex street 2 2 underwood street 2 1 3 1 dorset street 1 1 mount place 1 vine court w c 1 dunk street 1 mount street 3 1 vire yard 1 duke street 2 newcastle place 1 1 vine court c c 1 eastman's court 1 newcastle street 1,True,Likely table/statistical context: many_numbers=51; repeated_columns=name|place|street; fragmented_or_short=184_tokens
Brick Lane,houses,housing,1890,was a b 10 woman aged 38 and the other a girl aged two years all were registered by instruction of the coroner without inquests water supply to the district from the published monthly returns furnished by the experts who examine regularly into the condition of the water supplied by the companies it appears that good water has been distributed in sufficient quantity during the year constant service is the mode of supply nearly throughout the district registered common lodging houses 1890 name of street no of houses registered deaths in infirmary and elsewhere of lodgers brick lane 7 5 brushfield street 1 buckle street 1 bull court whitechapel 4 commercial street 2 14 dorset street 12 34 flower and dean street 28 46 garden court 1 george street 12 9 george yard 5 3 grace's alley 5 great garden street 2 4 great pearl street 1 1 gun street 5 2 hanbury street 4 heneage street 1 11 lambeth street 2 2 leman street 5 6 little pearl street 1 1 mill yard 1 2 old,True,Likely table/statistical context: many_numbers=37; repeated_columns=district|street
Brick Lane,houses,housing,1890,and the other a girl aged two years all were registered by instruction of the coroner without inquests water supply to the district from the published monthly returns furnished by the experts who examine regularly into the condition of the water supplied by the companies it appears that good water has been distributed in sufficient quantity during the year constant service is the mode of supply nearly throughout the district registered common lodging houses 1890 name of street no of houses registered deaths in infirmary and elsewhere of lodgers brick lane 7 5 brushfield street 1 buckle street 1 bull court whitechapel 4 commercial street 2 14 dorset street 12 34 flower and dean street 28 46 garden court 1 george street 12 9 george yard 5 3 grace's alley 5 great garden street 2 4 great pearl street 1 1 gun street 5 2 hanbury street 4 heneage street 1 11 lambeth street 2 2 leman street 5 6 little pearl street 1 1 mill yard 1 2 old,True,Likely table/statistical context: many_numbers=35; repeated_columns=district|street
Brick Lane,houses,housing,1891,will result to the district from the new mortuary when it becomes generally known that so useful and excellent a building is available i have nothing to add to the reports which i have given annually in the past upon water supply the water supply monthly returns from the government as well to the district as those supplied from the offices of the companies indicate a proper distribution of water both as regards quality and quantity 13 registered common lodging houses 1891 name of street no of houses registered deaths in infirmary and elsewhere of lodgers brick lane 7 11 brushfield street i buckle street i bull court whitechapel 4 1 commercial street 2 22 dorset street 12 41 flower and dean street 28 30 garden court 1 george street 12 20 george yard 5 1 grace's alley 5 great garden street 2 6 great pearl street 1 gun street 5 8 hanbury street 4 2 heneage street 1 10 lambeth street 2 leman street 5 4 little pearl street 1 1 mill yard 1 1 old,True,Likely table/statistical context: many_numbers=34; repeated_columns=district|street; fragmented_or_short=177_tokens
Brick Lane,houses,housing,1891,new mortuary when it becomes generally known that so useful and excellent a building is available i have nothing to add to the reports which i have given annually in the past upon water supply the water supply monthly returns from the government as well to the district as those supplied from the offices of the companies indicate a proper distribution of water both as regards quality and quantity 13 registered common lodging houses 1891 name of street no of houses registered deaths in infirmary and elsewhere of lodgers brick lane 7 11 brushfield street i buckle street i bull court whitechapel 4 1 commercial street 2 22 dorset street 12 41 flower and dean street 28 30 garden court 1 george street 12 20 george yard 5 1 grace's alley 5 great garden street 2 6 great pearl street 1 gun street 5 8 hanbury street 4 2 heneage street 1 10 lambeth street 2 leman street 5 4 little pearl street 1 1 mill yard 1 1 old,True,Likely table/statistical context: many_numbers=34; repeated_columns=street; fragmented_or_short=170_tokens
Brick Lane,houses,housing,1892,to effect the conveyance to the district mortuary of those deceased residents who require removal i shall follow out my original plan most strenuously that plan your board is already familiar with i have already adopted it partially 15 i have no report concerning the quantity and quality of our water supply according to the official returns water supply which are furnished to me monthly the companies to the district continue to afford their customers excellent water registered common lodging houses 1892 name of street no of houses registered deaths in infirmary and elsewhere of lodgers brick lane 7 12 brushfield street 1 buckle street 1 bull court whitechapel 4 commercial street 2 14 dorset street 14 37 flower and dean street 4 19 garden court 1 george street 5 5 george yard 6 1 grace's alley 2 1 great garden street 2 2 great pearl street 1 gun street 5 3 hanbury street 5 1 heneage street 1 8 lambeth street 1 1 leman street 5 4 little pearl street 1 mill yard 1 old montague,True,Likely table/statistical context: many_numbers=35; repeated_columns=district|street
Commercial Street,houses,housing,1890,was a b 10 woman aged 38 and the other a girl aged two years all were registered by instruction of the coroner without inquests water supply to the district from the published monthly returns furnished by the experts who examine regularly into the condition of the water supplied by the companies it appears that good water has been distributed in sufficient quantity during the year constant service is the mode of supply nearly throughout the district registered common lodging houses 1890 name of street no of houses registered deaths in infirmary and elsewhere of lodgers brick lane 7 5 brushfield street 1 buckle street 1 bull court whitechapel 4 commercial street 2 14 dorset street 12 34 flower and dean street 28 46 garden court 1 george street 12 9 george yard 5 3 grace's alley 5 great garden street 2 4 great pearl street 1 1 gun street 5 2 hanbury street 4 heneage street 1 11 lambeth street 2 2 leman street 5 6 little pearl street 1 1 mill yard 1 2 old montague street 1 osborn place 6 15 osborn street 1 paternoster row 3 8,True,Likely table/statistical context: many_numbers=43; repeated_columns=district|street
Commercial Street,houses,housing,1890,and the other a girl aged two years all were registered by instruction of the coroner without inquests water supply to the district from the published monthly returns furnished by the experts who examine regularly into the condition of the water supplied by the companies it appears that good water has been distributed in sufficient quantity during the year constant service is the mode of supply nearly throughout the district registered common lodging houses 1890 name of street no of houses registered deaths in infirmary and elsewhere of lodgers brick lane 7 5 brushfield street 1 buckle street 1 bull court whitechapel 4 commercial street 2 14 dorset street 12 34 flower and dean street 28 46 garden court 1 george street 12 9 george yard 5 3 grace's alley 5 great garden street 2 4 great pearl street 1 1 gun street 5 2 hanbury street 4 heneage street 1 11 lambeth street 2 2 leman street 5 6 little pearl street 1 1 mill yard 1 2 old montague street 1 osborn place 6 15 osborn street 1 paternoster row 3 8,True,Likely table/statistical context: many_numbers=41; repeated_columns=district|street
Commercial Street,houses,housing,1891,will result to the district from the new mortuary when it becomes generally known that so useful and excellent a building is available i have nothing to add to the reports which i have given annually in the past upon water supply the water supply monthly returns from the government as well to the district as those supplied from the offices of the companies indicate a proper distribution of water both as regards quality and quantity 13 registered common lodging houses 1891 name of street no of houses registered deaths in infirmary and elsewhere of lodgers brick lane 7 11 brushfield street i buckle street i bull court whitechapel 4 1 commercial street 2 22 dorset street 12 41 flower and dean street 28 30 garden court 1 george street 12 20 george yard 5 1 grace's alley 5 great garden street 2 6 great pearl street 1 gun street 5 8 hanbury street 4 2 heneage street 1 10 lambeth street 2 leman street 5 4 little pearl street 1 1 mill yard 1 1 old montague street 1 osborn place 6 22 osborn street 1 paternoster row 3 10 princes,True,Likely table/statistical context: many_numbers=40; repeated_columns=district|street; fragmented_or_short=192_tokens
Commercial Street,houses,housing,1891,new mortuary when it becomes generally known that so useful and excellent a building is available i have nothing to add to the reports which i have given annually in the past upon water supply the water supply monthly returns from the government as well to the district as those supplied from the offices of the companies indicate a proper distribution of water both as regards quality and quantity 13 registered common lodging houses 1891 name of street no of houses registered deaths in infirmary and elsewhere of lodgers brick lane 7 11 brushfield street i buckle street i bull court whitechapel 4 1 commercial street 2 22 dorset street 12 41 flower and dean street 28 30 garden court 1 george street 12 20 george yard 5 1 grace's alley 5 great garden street 2 6 great pearl street 1 gun street 5 8 hanbury street 4 2 heneage street 1 10 lambeth street 2 leman street 5 4 little pearl street 1 1 mill yard 1 1 old montague street 1 osborn place 6 22 osborn street 1 paternoster row 3 10 princes,True,Likely table/statistical context: many_numbers=40; repeated_columns=street; fragmented_or_short=185_tokens
Commercial Street,houses,housing,1892,to effect the conveyance to the district mortuary of those deceased residents who require removal i shall follow out my original plan most strenuously that plan your board is already familiar with i have already adopted it partially 15 i have no report concerning the quantity and quality of our water supply according to the official returns water supply which are furnished to me monthly the companies to the district continue to afford their customers excellent water registered common lodging houses 1892 name of street no of houses registered deaths in infirmary and elsewhere of lodgers brick lane 7 12 brushfield street 1 buckle street 1 bull court whitechapel 4 commercial street 2 14 dorset street 14 37 flower and dean street 4 19 garden court 1 george street 5 5 george yard 6 1 grace's alley 2 1 great garden street 2 2 great pearl street 1 gun street 5 3 hanbury street 5 1 heneage street 1 8 lambeth street 1 1 leman street 5 4 little pearl street 1 mill yard 1 old montague street 1 osborn place 6 21 osborn street i paternoster row 3 12 princes,True,Likely table/statistical context: many_numbers=40; repeated_columns=district|street
Spitalfields,typhus,disease,1892,the total deaths from the disease occurred thus supporting the experience of the previous year thirty three men died to thirty seven women the age mortality was as follows 1 died from influenza between 10 and 20 years of age 9 20 and 40 25 40 and 60 24 60 and 80 11 at over 80 years of age the sub registration districts wherein the patients had previously resided and the number belonging to each i also append in the spitalfields sub registration district 27 mile end new town 11 whitechapel church 23 goodman's fields 9 in concluding this part of my report i wish to mention that one death from typhus fever was registered during the year i have sufficient reason however to state that most probably there was an error in diagnosis in this case it occurred in a model dwelling the patient was an elderly man living by himself in one room he was looked after by his daughter and her husband who occupied an adjoining room the man had not been from home for some weeks and a medical gentleman who saw the case in consultation with the,True,Likely table/statistical context: many_numbers=18; repeated_table_words=5; repeated_columns=age|sub|year
Spitalfields,typhus,disease,1892,31st december 1 2 3 4 5 6 7 and 9 10 11 12 13 14 15 16 17 18 19 20 21 22 small pox scarlatina diphtheria membranous croup fevers cholera erysipelas measles whooping cough diarrh a and dysentery rheumatic fever ague phthisis bronchitis pneumonia and pleurisy heart disease injuries all other causes total at all ages under 1 year 1 and under 5 5 and under 15 15 and under 25 25 and under 65 65 and upwards typhus enteric or typhoid continued relapsing puerperal spitalfields sub registration district 335 125 51 10 6 101 42 under 5 1 2 1 17 15 10 31 9 86 175 5 upwards 1 2 1 3 1 1 22 45 32 1 51 160 mile end new town sub registration district 678 148 75 11 24 294 126 under 5 2 1 16 11 11 5 4 140 223 5 upwards 2 1 1 4 2 3 99 91 49 9 194 455 whitechapel church sub registration district,True,Likely table/statistical context: many_numbers=92; repeated_columns=district|sub; fragmented_or_short=168_tokens
Spitalfields,typhus,disease,1892,13 14 16 2 66 130 ii table of population births and new casks of infectious sickness coming to the knowledge of the medical officer of health during the year 1892 in the metropolitan sanitary district of whitechapel classified according to diseases ages and localities names of localities and c population at all ages census population 1891 births during 53 weeks of 1892 cases of infectious disease notified cases removed to hospitals ages small pox scarlet fever diphtheria membranous croup typhus fever enteric fever contind fever relapsing fever puerperal fever cholera erysipelas small pox scarlet fever diphtheria membranous croup typhus fever enteric fever contnd fever relapsing fever puerperal fevei cholera erysipelas spitalfields sub registra tion district males fmales under 5 yrs 5 85 37 5 4 5 61 32 2 11468 10988 5 yrs and over 13 4 33 12 4 40 13 81 28 8 1 mile end new town sub registratn district including the infirmary 9433 8475 under 5 vrs 61 24 4 1 1 49 15 1 1 see table page 4 5 yrs and over 30 22 9 1 20 22 18 4 whitechapel church sub registratn district,True,Likely table/statistical context: many_numbers=56; repeated_columns=district|sub; fragmented_or_short=192_tokens
Spitalfields,typhus,disease,1892,the knowledge of the medical officer of health during the year 1892 in the metropolitan sanitary district of whitechapel classified according to diseases ages and localities names of localities and c population at all ages census population 1891 births during 53 weeks of 1892 cases of infectious disease notified cases removed to hospitals ages small pox scarlet fever diphtheria membranous croup typhus fever enteric fever contind fever relapsing fever puerperal fever cholera erysipelas small pox scarlet fever diphtheria membranous croup typhus fever enteric fever contnd fever relapsing fever puerperal fevei cholera erysipelas spitalfields sub registra tion district males fmales under 5 yrs 5 85 37 5 4 5 61 32 2 11468 10988 5 yrs and over 13 4 33 12 4 40 13 81 28 8 1 mile end new town sub registratn district including the infirmary 9433 8475 under 5 vrs 61 24 4 1 1 49 15 1 1 see table page 4 5 yrs and over 30 22 9 1 20 22 18 4 whitechapel church sub registratn district,True,Likely table/statistical context: many_numbers=50; repeated_columns=district|sub
Spitalfields,typhus,disease,1893,subjoined ages age 1 2 3 4 5 6 7 8 9 10 11 12 13 14 15 16 17 18 19 20 21 22 small pox scarlatina diphtheria membranous croup fevers cholera erysipelas measles whooping cough diarrhoea and dysentery rheumatic fever ague phthisis bronchitis pneumonia and pleurisy heart disease injuries all other causes totals at all ages under 1 year 1 and under 5 5 and under 15 15 and under 25 25 and under 65 65 and upwards typhus enteric or typhoid continued relapsing puerperal spitalfields sub registration district 1st qtr 87 25 13 2 3 25 19 under 5 1 1 1 2 8 2 23 38 87 5 upwards 1 1 1 5 24 3 2 12 49 2nd 63 24 13 2 20 4 under 5 i 2 2 2 3 6 2 19 37 63 5 upwards 8 3 6 9 261 3rd 88 41 16 2 20 9 under 5 1 2 1 2 12 10 1 28 57 88 5,True,Likely table/statistical context: many_numbers=99; fragmented_or_short=168_tokens
Dorset Street,houses,housing,1890,was a b 10 woman aged 38 and the other a girl aged two years all were registered by instruction of the coroner without inquests water supply to the district from the published monthly returns furnished by the experts who examine regularly into the condition of the water supplied by the companies it appears that good water has been distributed in sufficient quantity during the year constant service is the mode of supply nearly throughout the district registered common lodging houses 1890 name of street no of houses registered deaths in infirmary and elsewhere of lodgers brick lane 7 5 brushfield street 1 buckle street 1 bull court whitechapel 4 commercial street 2 14 dorset street 12 34 flower and dean street 28 46 garden court 1 george street 12 9 george yard 5 3 grace's alley 5 great garden street 2 4 great pearl street 1 1 gun street 5 2 hanbury street 4 heneage street 1 11 lambeth street 2 2 leman street 5 6 little pearl street 1 1 mill yard 1 2 old montague street 1 osborn place 6 15 osborn street 1 paternoster row 3 8 princes street 1 13,True,Likely table/statistical context: many_numbers=45; repeated_columns=district|street
Dorset Street,houses,housing,1890,and the other a girl aged two years all were registered by instruction of the coroner without inquests water supply to the district from the published monthly returns furnished by the experts who examine regularly into the condition of the water supplied by the companies it appears that good water has been distributed in sufficient quantity during the year constant service is the mode of supply nearly throughout the district registered common lodging houses 1890 name of street no of houses registered deaths in infirmary and elsewhere of lodgers brick lane 7 5 brushfield street 1 buckle street 1 bull court whitechapel 4 commercial street 2 14 dorset street 12 34 flower and dean street 28 46 garden court 1 george street 12 9 george yard 5 3 grace's alley 5 great garden street 2 4 great pearl street 1 1 gun street 5 2 hanbury street 4 heneage street 1 11 lambeth street 2 2 leman street 5 6 little pearl street 1 1 mill yard 1 2 old montague street 1 osborn place 6 15 osborn street 1 paternoster row 3 8 princes street 1 13,True,Likely table/statistical context: many_numbers=43; repeated_columns=district|street
Dorset Street,houses,housing,1891,will result to the district from the new mortuary when it becomes generally known that so useful and excellent a building is available i have nothing to add to the reports which i have given annually in the past upon water supply the water supply monthly returns from the government as well to the district as those supplied from the offices of the companies indicate a proper distribution of water both as regards quality and quantity 13 registered common lodging houses 1891 name of street no of houses registered deaths in infirmary and elsewhere of lodgers brick lane 7 11 brushfield street i buckle street i bull court whitechapel 4 1 commercial street 2 22 dorset street 12 41 flower and dean street 28 30 garden court 1 george street 12 20 george yard 5 1 grace's alley 5 great garden street 2 6 great pearl street 1 gun street 5 8 hanbury street 4 2 heneage street 1 10 lambeth street 2 leman street 5 4 little pearl street 1 1 mill yard 1 1 old montague street 1 osborn place 6 22 osborn street 1 paternoster row 3 10 princes street 1 9 tenter,True,Likely table/statistical context: many_numbers=42; repeated_columns=district|street; fragmented_or_short=196_tokens
Dorset Street,houses,housing,1891,new mortuary when it becomes generally known that so useful and excellent a building is available i have nothing to add to the reports which i have given annually in the past upon water supply the water supply monthly returns from the government as well to the district as those supplied from the offices of the companies indicate a proper distribution of water both as regards quality and quantity 13 registered common lodging houses 1891 name of street no of houses registered deaths in infirmary and elsewhere of lodgers brick lane 7 11 brushfield street i buckle street i bull court whitechapel 4 1 commercial street 2 22 dorset street 12 41 flower and dean street 28 30 garden court 1 george street 12 20 george yard 5 1 grace's alley 5 great garden street 2 6 great pearl street 1 gun street 5 8 hanbury street 4 2 heneage street 1 10 lambeth street 2 leman street 5 4 little pearl street 1 1 mill yard 1 1 old montague street 1 osborn place 6 22 osborn street 1 paternoster row 3 10 princes street 1 9 tenter,True,Likely table/statistical context: many_numbers=42; repeated_columns=street; fragmented_or_short=189_tokens
Dorset Street,houses,housing,1892,to effect the conveyance to the district mortuary of those deceased residents who require removal i shall follow out my original plan most strenuously that plan your board is already familiar with i have already adopted it partially 15 i have no report concerning the quantity and quality of our water supply according to the official returns water supply which are furnished to me monthly the companies to the district continue to afford their customers excellent water registered common lodging houses 1892 name of street no of houses registered deaths in infirmary and elsewhere of lodgers brick lane 7 12 brushfield street 1 buckle street 1 bull court whitechapel 4 commercial street 2 14 dorset street 14 37 flower and dean street 4 19 garden court 1 george street 5 5 george yard 6 1 grace's alley 2 1 great garden street 2 2 great pearl street 1 gun street 5 3 hanbury street 5 1 heneage street 1 8 lambeth street 1 1 leman street 5 4 little pearl street 1 mill yard 1 old montague street 1 osborn place 6 21 osborn street i paternoster row 3 12 princes street 1 6 tenter,True,Likely table/statistical context: many_numbers=42; repeated_columns=district|street; fragmented_or_short=195_tokens
Hanbury Street,houses,housing,1890,manholes have been constructed in every case where necessary estimated cost of the whole of above works is 425 in conclusion we may state that the carrying out of the infectious diseases notification act has involved a very considerable amount of extra work during the past year as will be seen from the figures relating to disinfecting in the tabulated work before mentioned we are sir your obedient servants richard skidmore wrack sanitary inspectors thos p wrack 23 appendix slaughter houses whitechapel address to whom licensed 269 whitechapel road alfred garton 3 high street benjamin james wood 6 solomon horwitz and joseph lialter 27 thomas kefford 4 charles henry knight 2 robert lankester 52 joseph nathan 52 cable street mary pettitt mile end new town 147 hanbury street john arthur garton cow houses whitechapel address to whom licensed 11 black lion yard both sides john davis 6 whites row evan edwards 7 finch street william james 33 old montague street william lambeth plough square william lewis 64 old montague street thomas watson christ church saw yard daniel barker 6 whites row catherine edwards 37 hanbury street david felix 155 commercial street evan david morgan 15 tilley street john johnson 16 grey eagle street james webb mile end,True,Likely table/statistical context: many_numbers=21; repeated_columns=street
Hanbury Street,houses,housing,1890,year as will be seen from the figures relating to disinfecting in the tabulated work before mentioned we are sir your obedient servants richard skidmore wrack sanitary inspectors thos p wrack 23 appendix slaughter houses whitechapel address to whom licensed 269 whitechapel road alfred garton 3 high street benjamin james wood 6 solomon horwitz and joseph lialter 27 thomas kefford 4 charles henry knight 2 robert lankester 52 joseph nathan 52 cable street mary pettitt mile end new town 147 hanbury street john arthur garton cow houses whitechapel address to whom licensed 11 black lion yard both sides john davis 6 whites row evan edwards 7 finch street william james 33 old montague street william lambeth plough square william lewis 64 old montague street thomas watson christ church saw yard daniel barker 6 whites row catherine edwards 37 hanbury street david felix 155 commercial street evan david morgan 15 tilley street john johnson 16 grey eagle street james webb mile end new town 24 underwood street william,True,Likely table/statistical context: many_numbers=21; repeated_columns=street
Hanbury Street,houses,housing,1891,sweaters to such the new act will be as it was intended a terror it is scarcely necessary to add that your sanitary staff will endeavour to keep pace with the great increase of work which must be the outcome of this most important enadtment with the customary tables recording the meteorological returns for the year i conclude the statistical work contained in this report i have the honor to be gentlemen your obedient servant joseph loane 32 appendix slaughter houses whitechapel address to whom licensed 269 whitechapel road alfred garton 3 high street benjamin james wood 6 solomon horwitz and joseph lialter 27 thomas kefford 4 charles henry knight 2 robert lancester 52 joseph nathan 52 cable street mary pettitt mile end new town 147 hanbury street john arthur garton cow houses whitechapel address to whom licensed 11 black lion yard both sides john davis 6 whites row evan edwards 7 finch street william james 33 old montague street william lambeth plough square william lewis 64 old montague street thomas watson christ church saw yard daniel barker 6 whites row catherine edward 37 hanbury street david felix 155 commercial street evan david morgan 15 tilley street john johnson 16 grey eagle street james webb mile end,True,Likely table/statistical context: many_numbers=20; repeated_columns=street
Hanbury Street,houses,housing,1891,the customary tables recording the meteorological returns for the year i conclude the statistical work contained in this report i have the honor to be gentlemen your obedient servant joseph loane 32 appendix slaughter houses whitechapel address to whom licensed 269 whitechapel road alfred garton 3 high street benjamin james wood 6 solomon horwitz and joseph lialter 27 thomas kefford 4 charles henry knight 2 robert lancester 52 joseph nathan 52 cable street mary pettitt mile end new town 147 hanbury street john arthur garton cow houses whitechapel address to whom licensed 11 black lion yard both sides john davis 6 whites row evan edwards 7 finch street william james 33 old montague street william lambeth plough square william lewis 64 old montague street thomas watson christ church saw yard daniel barker 6 whites row catherine edward 37 hanbury street david felix 155 commercial street evan david morgan 15 tilley street john johnson 16 grey eagle street james webb mile end new town 24 underwood street william,True,Likely table/statistical context: many_numbers=21; repeated_columns=street
Hanbury Street,houses,housing,1892,establishments will probably be registered by your board that proper and sufficient lodging should be supplied for the nomadic labourer to whom his lodging house becomes his club must be apparent to all i am only anxious that such persons shall be surrounded by proper hygienic conditions last year i included in my report a list of admissions into the union infirmary upon medical orders only of persons lodging in the various shelters within the district to the number of houses then given another has been added i append the correct list 18 shelters no of admission orders given by the district medical officers salvation army shelter for men 272 whitechapel road 182 women 194 hanbury street 222 men quaker street 102 men royal mint street 56 church army shelter for men 83 whitechapel road 2 tenter street shelter for foreign jews 21 barnardo's shelter for women 12 dock street 62 647 when to this list is added the many cases where admission is obtained on the score of urgency without the intervention of the district medical officers it will be apparent that such shelters influence the statistics in a very considerable degree model dwellings number,True,Likely table/statistical context: many_numbers=13; repeated_columns=district|street
London Hospital,houses,housing,1890,mill yard 1 2 old montague street 1 osborn place 6 15 osborn street 1 paternoster row 3 8 princes street 1 13 tenter street 1 thrawl street 10 21 upper east smithfield 2 6 well street 2 wellclose square 2 2 wentworth street 6 9 wheeler street 1 whitechapel road 2 5 white's row 3 total 141 219 11 i have previously shown how the district suffers by comparison with many others by reason of these registered common lodging houses they often serve as half way houses between places outside our boundaries and the whitechapel union infirmary of the 219 deaths of these persons under consideration which took place in public institutions 181 were registered in the infirmary and 12 in the london hospital nearly 30 per cent of the deaths were due to phthisis if these figures have any value they show the urgent need for legislation which shall provide for the welfare of the submerged tenth model dwellings number of apartments population and number of deaths 1890 name and situation of dwellings number of apartments number of inhabitants total population deaths adults children albert buildings 40 117 69 186 2 alexandra buildings 29 85 50 135 2 alfred buildings 26 66,True,Likely table/statistical context: many_numbers=44; repeated_table_words=6; repeated_columns=place|street
London Hospital,houses,housing,1890,1 osborn place 6 15 osborn street 1 paternoster row 3 8 princes street 1 13 tenter street 1 thrawl street 10 21 upper east smithfield 2 6 well street 2 wellclose square 2 2 wentworth street 6 9 wheeler street 1 whitechapel road 2 5 white's row 3 total 141 219 11 i have previously shown how the district suffers by comparison with many others by reason of these registered common lodging houses they often serve as half way houses between places outside our boundaries and the whitechapel union infirmary of the 219 deaths of these persons under consideration which took place in public institutions 181 were registered in the infirmary and 12 in the london hospital nearly 30 per cent of the deaths were due to phthisis if these figures have any value they show the urgent need for legislation which shall provide for the welfare of the submerged tenth model dwellings number of apartments population and number of deaths 1890 name and situation of dwellings number of apartments number of inhabitants total population deaths adults children albert buildings 40 117 69 186 2 alexandra buildings 29 85 50 135 2 alfred buildings 26 66,True,Likely table/statistical context: many_numbers=42; repeated_table_words=6; repeated_columns=place|street
London Hospital,houses,housing,1891,leman street 5 4 little pearl street 1 1 mill yard 1 1 old montague street 1 osborn place 6 22 osborn street 1 paternoster row 3 10 princes street 1 9 tenter street 1 thrawl street 10 16 upper east smithfield 2 3 well street 2 wellclose square 2 wentworth street 6 7 wheeler street 1 1 whitechapel road 2 7 white's row 3 total 141 233 the above deaths took place as follows in the whitechapel infirmary 165 london hospital 8 colney hatch asylum 2 guy's hospital 1 homerton hospital 1 shoreditch infirmary 1 at the several lodging houses 55 233 14 cause of death zymotic diseases influenza 11 measles 1 erysipelas 1 other 1 constitutional diseases phthisis 64 other 12 premature birth 3 old age 3 diseases of nervous system 21 circulatory system 21 respiratory 75 digestive 2 urinary 10 accident 4 other causes 4 233 the above plan enables me to show how to some extent the increase in constitutional and respiratory diseases arises and but for which the whitechapel district would compare most favorably with the,True,Likely table/statistical context: many_numbers=55; repeated_columns=place|street; fragmented_or_short=181_tokens
London Hospital,houses,housing,1892,1 8 lambeth street 1 1 leman street 5 4 little pearl street 1 mill yard 1 old montague street 1 osborn place 6 21 osborn street i paternoster row 3 12 princes street 1 6 tenter street north 1 thrawl street 3 5 upper east smithfield 2 5 well street 2 wellclose square 1 wentworth street 5 14 wheeler street 1 whitechapel road 2 4 white's row 3 3 totals0 101 178 note since last year 45 old lodging houses have been abolished and 5 new ones have been opened making a total of 40 houses less lodgers in the above houses died during the year to the number of 178 16 the deaths took place as follows in the whitechapel infirmary 141 london hospital 11 german hospital 1 st bartholomew's hospital 1 homerton hospital 1 guy's hospital 1 banstead asylum 1 at the several lodging houses 21 178 it is obvious that no useful statistics can be compiled from these data because the necessary factors are absent the persons occupying the beds in common lodging houses are migratory in their habits and although they are often belonging to other districts when illness overtakes them their natural destination as shown above is the union,True,Likely table/statistical context: many_numbers=45; repeated_columns=place|street|year
London Hospital,houses,housing,1892,1 old montague street 1 osborn place 6 21 osborn street i paternoster row 3 12 princes street 1 6 tenter street north 1 thrawl street 3 5 upper east smithfield 2 5 well street 2 wellclose square 1 wentworth street 5 14 wheeler street 1 whitechapel road 2 4 white's row 3 3 totals0 101 178 note since last year 45 old lodging houses have been abolished and 5 new ones have been opened making a total of 40 houses less lodgers in the above houses died during the year to the number of 178 16 the deaths took place as follows in the whitechapel infirmary 141 london hospital 11 german hospital 1 st bartholomew's hospital 1 homerton hospital 1 guy's hospital 1 banstead asylum 1 at the several lodging houses 21 178 it is obvious that no useful statistics can be compiled from these data because the necessary factors are absent the persons occupying the beds in common lodging houses are migratory in their habits and although they are often belonging to other districts when illness overtakes them their natural destination as shown above is the union,True,Likely table/statistical context: many_numbers=38; repeated_columns=place|street|year
Whitechapel Road,houses,housing,1890,2 4 great pearl street 1 1 gun street 5 2 hanbury street 4 heneage street 1 11 lambeth street 2 2 leman street 5 6 little pearl street 1 1 mill yard 1 2 old montague street 1 osborn place 6 15 osborn street 1 paternoster row 3 8 princes street 1 13 tenter street 1 thrawl street 10 21 upper east smithfield 2 6 well street 2 wellclose square 2 2 wentworth street 6 9 wheeler street 1 whitechapel road 2 5 white's row 3 total 141 219 11 i have previously shown how the district suffers by comparison with many others by reason of these registered common lodging houses they often serve as half way houses between places outside our boundaries and the whitechapel union infirmary of the 219 deaths of these persons under consideration which took place in public institutions 181 were registered in the infirmary and 12 in the london hospital nearly 30 per cent of the deaths were due to phthisis if these figures have any value they show the urgent need for legislation which shall provide for the welfare of the submerged tenth model dwellings,True,Likely table/statistical context: many_numbers=46; repeated_columns=place|street
Whitechapel Road,houses,housing,1890,2 4 great pearl street 1 1 gun street 5 2 hanbury street 4 heneage street 1 11 lambeth street 2 2 leman street 5 6 little pearl street 1 1 mill yard 1 2 old montague street 1 osborn place 6 15 osborn street 1 paternoster row 3 8 princes street 1 13 tenter street 1 thrawl street 10 21 upper east smithfield 2 6 well street 2 wellclose square 2 2 wentworth street 6 9 wheeler street 1 whitechapel road 2 5 white's row 3 total 141 219 11 i have previously shown how the district suffers by comparison with many others by reason of these registered common lodging houses they often serve as half way houses between places outside our boundaries and the whitechapel union infirmary of the 219 deaths of these persons under consideration which took place in public institutions 181 were registered in the infirmary and 12 in the london hospital nearly 30 per cent of the deaths were due to phthisis if these figures have any value they show the urgent need for legislation which shall provide for the welfare of the submerged tenth model dwellings number of apartments population and number of,True,Likely table/statistical context: many_numbers=46; repeated_columns=place|street
Whitechapel Road,houses,housing,1890,manholes have been constructed in every case where necessary estimated cost of the whole of above works is 425 in conclusion we may state that the carrying out of the infectious diseases notification act has involved a very considerable amount of extra work during the past year as will be seen from the figures relating to disinfecting in the tabulated work before mentioned we are sir your obedient servants richard skidmore wrack sanitary inspectors thos p wrack 23 appendix slaughter houses whitechapel address to whom licensed 269 whitechapel road alfred garton 3 high street benjamin james wood 6 solomon horwitz and joseph lialter 27 thomas kefford 4 charles henry knight 2 robert lankester 52 joseph nathan 52 cable street mary pettitt mile end new town 147 hanbury street john arthur garton cow houses whitechapel address to whom licensed 11 black lion yard both sides john davis 6 whites row evan edwards 7 finch street william james 33 old montague street william lambeth plough square william lewis 64 old,True,Likely table/statistical context: many_numbers=16; repeated_columns=street
Whitechapel Road,houses,housing,1890,where necessary estimated cost of the whole of above works is 425 in conclusion we may state that the carrying out of the infectious diseases notification act has involved a very considerable amount of extra work during the past year as will be seen from the figures relating to disinfecting in the tabulated work before mentioned we are sir your obedient servants richard skidmore wrack sanitary inspectors thos p wrack 23 appendix slaughter houses whitechapel address to whom licensed 269 whitechapel road alfred garton 3 high street benjamin james wood 6 solomon horwitz and joseph lialter 27 thomas kefford 4 charles henry knight 2 robert lankester 52 joseph nathan 52 cable street mary pettitt mile end new town 147 hanbury street john arthur garton cow houses whitechapel address to whom licensed 11 black lion yard both sides john davis 6 whites row evan edwards 7 finch street william james 33 old montague street william lambeth plough square william lewis 64 old montague street thomas watson christ church saw yard daniel barker 6 whites row catherine edwards 37 hanbury street david felix 155 commercial street evan david morgan 15 tilley street john johnson 16 grey eagle street james webb mile end new town 24 underwood street william,True,Likely table/statistical context: many_numbers=22; repeated_columns=street
Whitechapel Road,houses,housing,1891,street 2 6 great pearl street 1 gun street 5 8 hanbury street 4 2 heneage street 1 10 lambeth street 2 leman street 5 4 little pearl street 1 1 mill yard 1 1 old montague street 1 osborn place 6 22 osborn street 1 paternoster row 3 10 princes street 1 9 tenter street 1 thrawl street 10 16 upper east smithfield 2 3 well street 2 wellclose square 2 wentworth street 6 7 wheeler street 1 1 whitechapel road 2 7 white's row 3 total 141 233 the above deaths took place as follows in the whitechapel infirmary 165 london hospital 8 colney hatch asylum 2 guy's hospital 1 homerton hospital 1 shoreditch infirmary 1 at the several lodging houses 55 233 14 cause of death zymotic diseases influenza 11 measles 1 erysipelas 1 other 1 constitutional diseases phthisis 64 other 12 premature birth 3 old age 3 diseases of nervous system 21 circulatory system 21 respiratory 75 digestive 2 urinary 10 accident 4 other causes 4 233 the above plan enables me to show how to some extent the increase in constitutional and respiratory diseases arises and but for which the whitechapel district would compare most favorably with the,True,Likely table/statistical context: many_numbers=65; repeated_columns=place|street; fragmented_or_short=203_tokens
Flower and Dean Street,fever,disease,1894,constitut'nl dis's 162 160 148 157 627 36 premature birth 571 574 568 648 2361 63 accidents 758 631 613 621 2623 37 atelectasis 54 44 50 58 206 64 other than accidental 134 143 143 103 523 38 congntl malformatns 95 97 99 114 405 65 other causes 661 541 788 675 2665 39 old age 647 517 439 532 2135 33 table o principal zymotic diseases dealt with during the year 1894 name of place small pox scarlet fever diphtheria membrns croup typhoid fever puerperal fever erysipelas measles name of place small pox scarlet fever diphtheria membrns croup typhoid fever puerperal fever erysipelas measles artillery passage 2 freeman street 1 artillery street 2 frostic place 1 1 assam street 2 frying pan alley back church lane 1 1 flower and dean street 2 3 baker's row 8 fournier street 1 1 bath gardens 3 1 2 garden place 1 bell lane 1 1 2 goulston street 1 bell court 1 goodman's yard 1 1 bennett's place 1 great alie street 1 blossom street 1 2 great prescot street 2 booth street 1 l 1 great garden street 5 1 brick lane 3 4 l great pearl street 2 2 brunswick place 1 green street buckle street 1 green dragon,True,Likely table/statistical context: many_numbers=88; repeated_columns=name|place|street
Flower and Dean Street,fever,disease,1894,157 627 36 premature birth 571 574 568 648 2361 63 accidents 758 631 613 621 2623 37 atelectasis 54 44 50 58 206 64 other than accidental 134 143 143 103 523 38 congntl malformatns 95 97 99 114 405 65 other causes 661 541 788 675 2665 39 old age 647 517 439 532 2135 33 table o principal zymotic diseases dealt with during the year 1894 name of place small pox scarlet fever diphtheria membrns croup typhoid fever puerperal fever erysipelas measles name of place small pox scarlet fever diphtheria membrns croup typhoid fever puerperal fever erysipelas measles artillery passage 2 freeman street 1 artillery street 2 frostic place 1 1 assam street 2 frying pan alley back church lane 1 1 flower and dean street 2 3 baker's row 8 fournier street 1 1 bath gardens 3 1 2 garden place 1 bell lane 1 1 2 goulston street 1 bell court 1 goodman's yard 1 1 bennett's place 1 great alie street 1 blossom street 1 2 great prescot street 2 booth street 1 l 1 great garden street 5 1 brick lane 3 4 l great pearl street 2 2 brunswick place 1 green street buckle street 1 green dragon,True,Likely table/statistical context: many_numbers=85; repeated_columns=name|place|street
Flower and Dean Street,fever,disease,1894,36 premature birth 571 574 568 648 2361 63 accidents 758 631 613 621 2623 37 atelectasis 54 44 50 58 206 64 other than accidental 134 143 143 103 523 38 congntl malformatns 95 97 99 114 405 65 other causes 661 541 788 675 2665 39 old age 647 517 439 532 2135 33 table o principal zymotic diseases dealt with during the year 1894 name of place small pox scarlet fever diphtheria membrns croup typhoid fever puerperal fever erysipelas measles name of place small pox scarlet fever diphtheria membrns croup typhoid fever puerperal fever erysipelas measles artillery passage 2 freeman street 1 artillery street 2 frostic place 1 1 assam street 2 frying pan alley back church lane 1 1 flower and dean street 2 3 baker's row 8 fournier street 1 1 bath gardens 3 1 2 garden place 1 bell lane 1 1 2 goulston street 1 bell court 1 goodman's yard 1 1 bennett's place 1 great alie street 1 blossom street 1 2 great prescot street 2 booth street 1 l 1 great garden street 5 1 brick lane 3 4 l great pearl street 2 2 brunswick place 1 green street buckle street 1 green dragon,True,Likely table/statistical context: many_numbers=83; repeated_columns=name|place|street
Flower and Dean Street,fever,disease,1894,accidents 758 631 613 621 2623 37 atelectasis 54 44 50 58 206 64 other than accidental 134 143 143 103 523 38 congntl malformatns 95 97 99 114 405 65 other causes 661 541 788 675 2665 39 old age 647 517 439 532 2135 33 table o principal zymotic diseases dealt with during the year 1894 name of place small pox scarlet fever diphtheria membrns croup typhoid fever puerperal fever erysipelas measles name of place small pox scarlet fever diphtheria membrns croup typhoid fever puerperal fever erysipelas measles artillery passage 2 freeman street 1 artillery street 2 frostic place 1 1 assam street 2 frying pan alley back church lane 1 1 flower and dean street 2 3 baker's row 8 fournier street 1 1 bath gardens 3 1 2 garden place 1 bell lane 1 1 2 goulston street 1 bell court 1 goodman's yard 1 1 bennett's place 1 great alie street 1 blossom street 1 2 great prescot street 2 booth street 1 l 1 great garden street 5 1 brick lane 3 4 l great pearl street 2 2 brunswick place 1 green street buckle street 1 green dragon,True,Likely table/statistical context: many_numbers=76; repeated_columns=name|place|street
Flower and Dean Street,fever,disease,1894,2623 37 atelectasis 54 44 50 58 206 64 other than accidental 134 143 143 103 523 38 congntl malformatns 95 97 99 114 405 65 other causes 661 541 788 675 2665 39 old age 647 517 439 532 2135 33 table o principal zymotic diseases dealt with during the year 1894 name of place small pox scarlet fever diphtheria membrns croup typhoid fever puerperal fever erysipelas measles name of place small pox scarlet fever diphtheria membrns croup typhoid fever puerperal fever erysipelas measles artillery passage 2 freeman street 1 artillery street 2 frostic place 1 1 assam street 2 frying pan alley back church lane 1 1 flower and dean street 2 3 baker's row 8 fournier street 1 1 bath gardens 3 1 2 garden place 1 bell lane 1 1 2 goulston street 1 bell court 1 goodman's yard 1 1 bennett's place 1 great alie street 1 blossom street 1 2 great prescot street 2 booth street 1 l 1 great garden street 5 1 brick lane 3 4 l great pearl street 2 2 brunswick place 1 green street buckle street 1 green dragon,True,Likely table/statistical context: many_numbers=72; repeated_columns=name|place|street
Flower and Dean Street,houses,housing,1890,was a b 10 woman aged 38 and the other a girl aged two years all were registered by instruction of the coroner without inquests water supply to the district from the published monthly returns furnished by the experts who examine regularly into the condition of the water supplied by the companies it appears that good water has been distributed in sufficient quantity during the year constant service is the mode of supply nearly throughout the district registered common lodging houses 1890 name of street no of houses registered deaths in infirmary and elsewhere of lodgers brick lane 7 5 brushfield street 1 buckle street 1 bull court whitechapel 4 commercial street 2 14 dorset street 12 34 flower and dean street 28 46 garden court 1 george street 12 9 george yard 5 3 grace's alley 5 great garden street 2 4 great pearl street 1 1 gun street 5 2 hanbury street 4 heneage street 1 11 lambeth street 2 2 leman street 5 6 little pearl street 1 1 mill yard 1 2 old montague street 1 osborn place 6 15 osborn street 1 paternoster row 3 8 princes street 1 13 tenter street 1 thrawl,True,Likely table/statistical context: many_numbers=46; repeated_columns=district|street
Flower and Dean Street,houses,housing,1890,and the other a girl aged two years all were registered by instruction of the coroner without inquests water supply to the district from the published monthly returns furnished by the experts who examine regularly into the condition of the water supplied by the companies it appears that good water has been distributed in sufficient quantity during the year constant service is the mode of supply nearly throughout the district registered common lodging houses 1890 name of street no of houses registered deaths in infirmary and elsewhere of lodgers brick lane 7 5 brushfield street 1 buckle street 1 bull court whitechapel 4 commercial street 2 14 dorset street 12 34 flower and dean street 28 46 garden court 1 george street 12 9 george yard 5 3 grace's alley 5 great garden street 2 4 great pearl street 1 1 gun street 5 2 hanbury street 4 heneage street 1 11 lambeth street 2 2 leman street 5 6 little pearl street 1 1 mill yard 1 2 old montague street 1 osborn place 6 15 osborn street 1 paternoster row 3 8 princes street 1 13 tenter street 1 thrawl,True,Likely table/statistical context: many_numbers=44; repeated_columns=district|street
Flower and Dean Street,houses,housing,1891,will result to the district from the new mortuary when it becomes generally known that so useful and excellent a building is available i have nothing to add to the reports which i have given annually in the past upon water supply the water supply monthly returns from the government as well to the district as those supplied from the offices of the companies indicate a proper distribution of water both as regards quality and quantity 13 registered common lodging houses 1891 name of street no of houses registered deaths in infirmary and elsewhere of lodgers brick lane 7 11 brushfield street i buckle street i bull court whitechapel 4 1 commercial street 2 22 dorset street 12 41 flower and dean street 28 30 garden court 1 george street 12 20 george yard 5 1 grace's alley 5 great garden street 2 6 great pearl street 1 gun street 5 8 hanbury street 4 2 heneage street 1 10 lambeth street 2 leman street 5 4 little pearl street 1 1 mill yard 1 1 old montague street 1 osborn place 6 22 osborn street 1 paternoster row 3 10 princes street 1 9 tenter street 1 thrawl street,True,Likely table/statistical context: many_numbers=43; repeated_columns=district|street; fragmented_or_short=200_tokens
Flower and Dean Street,houses,housing,1891,new mortuary when it becomes generally known that so useful and excellent a building is available i have nothing to add to the reports which i have given annually in the past upon water supply the water supply monthly returns from the government as well to the district as those supplied from the offices of the companies indicate a proper distribution of water both as regards quality and quantity 13 registered common lodging houses 1891 name of street no of houses registered deaths in infirmary and elsewhere of lodgers brick lane 7 11 brushfield street i buckle street i bull court whitechapel 4 1 commercial street 2 22 dorset street 12 41 flower and dean street 28 30 garden court 1 george street 12 20 george yard 5 1 grace's alley 5 great garden street 2 6 great pearl street 1 gun street 5 8 hanbury street 4 2 heneage street 1 10 lambeth street 2 leman street 5 4 little pearl street 1 1 mill yard 1 1 old montague street 1 osborn place 6 22 osborn street 1 paternoster row 3 10 princes street 1 9 tenter street 1 thrawl street,True,Likely table/statistical context: many_numbers=43; repeated_columns=street; fragmented_or_short=193_tokens
Flower and Dean Street,houses,housing,1892,to effect the conveyance to the district mortuary of those deceased residents who require removal i shall follow out my original plan most strenuously that plan your board is already familiar with i have already adopted it partially 15 i have no report concerning the quantity and quality of our water supply according to the official returns water supply which are furnished to me monthly the companies to the district continue to afford their customers excellent water registered common lodging houses 1892 name of street no of houses registered deaths in infirmary and elsewhere of lodgers brick lane 7 12 brushfield street 1 buckle street 1 bull court whitechapel 4 commercial street 2 14 dorset street 14 37 flower and dean street 4 19 garden court 1 george street 5 5 george yard 6 1 grace's alley 2 1 great garden street 2 2 great pearl street 1 gun street 5 3 hanbury street 5 1 heneage street 1 8 lambeth street 1 1 leman street 5 4 little pearl street 1 mill yard 1 old montague street 1 osborn place 6 21 osborn street i paternoster row 3 12 princes street 1 6 tenter street north 1 thrawl,True,Likely table/statistical context: many_numbers=43; repeated_columns=district|street; fragmented_or_short=199_tokens
Spitalfields,scarlet fever,disease,1891,4 over the age of 80 0 causes of the deaths accidents fractures run over etc 16 burns scalds etc 8 drowning 1 accidental suffocation in bed etc 16 suicide 1 murder 1 other causes 4 page 41 11 outlying public institutions and extra metropolitan asylums deaths total number of deaths 192 males 97 females 95 age distribution of deaths sub district distribution of deaths under the age of 1 year 19 between the ages of 1 and 5 37 spitalfields sub district 57 5 20 17 mile end new town do 20 20 40 41 whitechapel church do 70 40 60 35 goodman's fields do 19 60 80 31 aldgatp do 26 over the age of 80 12 classification of cause of deaths zymotic diseases measles 3 scarlet fever 6 pertussis 1 diphtheria 30 enteric fever 3 diarrhcea 3 constitutional diseases 33 premature birth and old age 11 diseases of nervous system 40 special sense 2 circulatory system 20 respiratory 22 digestive 5 urinary 5 generative 2 locomotive 1 accidents 5 old age deaths age distribution of the deaths sub registration district distribution between the ages of 80 and 85 23 spitalfields sub distri 11 1 85 90 12 mile end new town do 6 above the age,True,Likely table/statistical context: many_numbers=65; repeated_table_words=9; repeated_columns=age|causes|district|sub; fragmented_or_short=209_tokens
Spitalfields,scarlet fever,disease,1892,5 upwards 7 ii 1 13 14 16 2 66 130 ii table of population births and new casks of infectious sickness coming to the knowledge of the medical officer of health during the year 1892 in the metropolitan sanitary district of whitechapel classified according to diseases ages and localities names of localities and c population at all ages census population 1891 births during 53 weeks of 1892 cases of infectious disease notified cases removed to hospitals ages small pox scarlet fever diphtheria membranous croup typhus fever enteric fever contind fever relapsing fever puerperal fever cholera erysipelas small pox scarlet fever diphtheria membranous croup typhus fever enteric fever contnd fever relapsing fever puerperal fevei cholera erysipelas spitalfields sub registra tion district males fmales under 5 yrs 5 85 37 5 4 5 61 32 2 11468 10988 5 yrs and over 13 4 33 12 4 40 13 81 28 8 1 mile end new town sub registratn district including the infirmary 9433 8475 under 5 vrs 61 24 4 1 1 49 15 1 1 see table page 4 5 yrs and over 30 22 9 1 20 22 18 4 whitechapel church sub registratn district,True,Likely table/statistical context: many_numbers=59; repeated_columns=district|sub; fragmented_or_short=197_tokens
Spitalfields,scarlet fever,disease,1892,of infectious sickness coming to the knowledge of the medical officer of health during the year 1892 in the metropolitan sanitary district of whitechapel classified according to diseases ages and localities names of localities and c population at all ages census population 1891 births during 53 weeks of 1892 cases of infectious disease notified cases removed to hospitals ages small pox scarlet fever diphtheria membranous croup typhus fever enteric fever contind fever relapsing fever puerperal fever cholera erysipelas small pox scarlet fever diphtheria membranous croup typhus fever enteric fever contnd fever relapsing fever puerperal fevei cholera erysipelas spitalfields sub registra tion district males fmales under 5 yrs 5 85 37 5 4 5 61 32 2 11468 10988 5 yrs and over 13 4 33 12 4 40 13 81 28 8 1 mile end new town sub registratn district including the infirmary 9433 8475 under 5 vrs 61 24 4 1 1 49 15 1 1 see table page 4 5 yrs and over 30 22 9 1 20 22 18 4 whitechapel church sub registratn district,True,Likely table/statistical context: many_numbers=50; repeated_columns=district|sub
Spitalfields,scarlet fever,disease,1893,upwards 4 3 5 2 17 9 17 4 66 127 ii table of population births and new casks ok infectious sickness coming to the knowledge of the medical officer oi health during the year 1893 in the metropolitan sanitary district of whitechapel classified according to diseases ages and localities names of localities and c population at all ages census population 1891 births during 53 weeks of 1892 cases of infectious disease notified cases removed to hospitals ages small pox scarlet fever diphtheria membranous croup typhus fever enteric fever contind fever relapsing fever puerperal fever cholera erysipelas small pox scarlet fever diphtheria membranous croup typhus fever enteric fever contind fever re lapsing fever puerperal fever cholera erysipelas spitalfields sub registration males females 11468 10988 under 5 yrs 2 84 28 2 5 2 56 21 2 5 yrs and over 29 77 24 17 2 67 29 52 14 13 36 district mile end new town 9433 8475 under 5 yrs 92 22 2 2 55 17 5 yrs and over 10 11 25 1 7 4 30 10 75 16 5 12 sub registratn district including the infirmary see table page 70 whitechapel church 10419 9879 under,True,Likely table/statistical context: many_numbers=63; repeated_columns=district|sub; fragmented_or_short=198_tokens
Spitalfields,scarlet fever,disease,1893,ok infectious sickness coming to the knowledge of the medical officer oi health during the year 1893 in the metropolitan sanitary district of whitechapel classified according to diseases ages and localities names of localities and c population at all ages census population 1891 births during 53 weeks of 1892 cases of infectious disease notified cases removed to hospitals ages small pox scarlet fever diphtheria membranous croup typhus fever enteric fever contind fever relapsing fever puerperal fever cholera erysipelas small pox scarlet fever diphtheria membranous croup typhus fever enteric fever contind fever re lapsing fever puerperal fever cholera erysipelas spitalfields sub registration males females 11468 10988 under 5 yrs 2 84 28 2 5 2 56 21 2 5 yrs and over 29 77 24 17 2 67 29 52 14 13 36 district mile end new town 9433 8475 under 5 yrs 92 22 2 2 55 17 5 yrs and over 10 11 25 1 7 4 30 10 75 16 5 12 sub registratn district including the infirmary see table page 70 whitechapel church 10419 9879 under,True,Likely table/statistical context: many_numbers=53; repeated_columns=district|sub; fragmented_or_short=179_tokens
George Yard,fever,disease,1890,43 other diseases of brain and nervous system 1278 1074 1044 1094 4490 79 other causes 713 612 888 727 2940 44 diseases of organs of special sense 35 34 30 44 143 31 table o principal zymotic diseases dealt with during the year name of place small pox scarlet fever typhus fever enteric fever diphtheria measles erysipelas croup name of place small pox scarlet fever typhus fever enteric fever diphtheria measles erysipelas croup name of place small pox scarlet fever typhus fever enteric fever diphtheria measles erysipelas croup albert buildings 1 frostic court 2 1 peabody buildings glasshouse street 12 4 3 3 albert street 1 garden place 1 1 alfred buildings 5 george street 1 1 pelham street 6 1 5 1 artillery passage 1 george yard 2 pereira street 2 3 artillery street 2 glasshouse buildings 1 pope's head court 1 1 1 back church lane 1 2 1 pools square 1 baker's row 2 1 2 1 goodman's yard 2 plough street buildgs 1 bell lane 1 1 gower's walk 2 prince's street 2 1 black lion yard 1 grace's alley 1 providence place 2 booth street 1 1 1 1 great alie street 5 quaker street 9 blossom street 4 great pearl street,True,Likely table/statistical context: many_numbers=70; repeated_columns=name|place|street
George Yard,fever,disease,1890,diseases of brain and nervous system 1278 1074 1044 1094 4490 79 other causes 713 612 888 727 2940 44 diseases of organs of special sense 35 34 30 44 143 31 table o principal zymotic diseases dealt with during the year name of place small pox scarlet fever typhus fever enteric fever diphtheria measles erysipelas croup name of place small pox scarlet fever typhus fever enteric fever diphtheria measles erysipelas croup name of place small pox scarlet fever typhus fever enteric fever diphtheria measles erysipelas croup albert buildings 1 frostic court 2 1 peabody buildings glasshouse street 12 4 3 3 albert street 1 garden place 1 1 alfred buildings 5 george street 1 1 pelham street 6 1 5 1 artillery passage 1 george yard 2 pereira street 2 3 artillery street 2 glasshouse buildings 1 pope's head court 1 1 1 back church lane 1 2 1 pools square 1 baker's row 2 1 2 1 goodman's yard 2 plough street buildgs 1 bell lane 1 1 gower's walk 2 prince's street 2 1 black lion yard 1 grace's alley 1 providence place 2 booth street 1 1 1 1 great alie street 5 quaker street 9 blossom street 4 great pearl street,True,Likely table/statistical context: many_numbers=69; repeated_columns=name|place|street
George Yard,fever,disease,1890,brain and nervous system 1278 1074 1044 1094 4490 79 other causes 713 612 888 727 2940 44 diseases of organs of special sense 35 34 30 44 143 31 table o principal zymotic diseases dealt with during the year name of place small pox scarlet fever typhus fever enteric fever diphtheria measles erysipelas croup name of place small pox scarlet fever typhus fever enteric fever diphtheria measles erysipelas croup name of place small pox scarlet fever typhus fever enteric fever diphtheria measles erysipelas croup albert buildings 1 frostic court 2 1 peabody buildings glasshouse street 12 4 3 3 albert street 1 garden place 1 1 alfred buildings 5 george street 1 1 pelham street 6 1 5 1 artillery passage 1 george yard 2 pereira street 2 3 artillery street 2 glasshouse buildings 1 pope's head court 1 1 1 back church lane 1 2 1 pools square 1 baker's row 2 1 2 1 goodman's yard 2 plough street buildgs 1 bell lane 1 1 gower's walk 2 prince's street 2 1 black lion yard 1 grace's alley 1 providence place 2 booth street 1 1 1 1 great alie street 5 quaker street 9 blossom street 4 great pearl street,True,Likely table/statistical context: many_numbers=69; repeated_columns=name|place|street
George Yard,fever,disease,1894,new court fashion street 1 fashion street 1 finch street 1 new road 1 1 fisher's alley 2 new martin street 1 fleur de lis street 1 newcastle street 2 fort street 4 3 1 newcastle place 1 31 table o continued principal zymotic diseases dealt with during the year 1891 name of place small pox scarlet fever diphtheria membrns croup typhoid fever puerperal fever erysipelas meales name of place small pox scarlet fever diphtheria membrns croud typhoid fever puerperal fever erysipelas measles north place 1 1 spital street 1 1 1 nathaniel buildings 7 4 2 2 spital square 1 1 new buildings tenter street 1 1 steward street 1 st mark street 1 new court hanbury street 2 spelman street 1 1 1 l st george's house george yard 1 old montague street 6 6 2 1 2 oxford street 3 2 strafford houses 1 parliament court 1 st katharine dock 1 3 pelham street 1 2 1 1 3 tenter street spitalfields 1 periera street 1 plough street 1 tenter street north 1 plummer's row 1 tenter street south 1 pope's head court 6 tewkesbury buildings 2 princes place 1 thomas street 1 princelet street 1 2 1 1 thrawl street 1 2 peabody bdgs glasshouse street,True,Likely table/statistical context: many_numbers=67; repeated_columns=name|place|street; fragmented_or_short=210_tokens
George Yard,fever,disease,1898,1310 155 285 43 24th 2194 230 1018 134 47 12 51st 2901 221 1261 171 266 40 25th 2238 231 999 126 52 12 52nd 2939 225 1248 166 255 30 26th 2205 204 976 120 53 8 total 39089 3888 15932 2264 3183 531 total 29407 2905 12583 1660 720 133 year's total 134794 12814 54639 7447 645 3 1116 30 table o principal zymotic diseases dealt with during the year 1898 name of place small pox scarlet fever diphtheria membrns croup typhus fever typhoid fever puerperal fever erysipelas measles name of place small pox scarlet fever diphtheria membrns croup typhus fever typhoid fever puerperal fever erysipelas measles adelaide place 1 1 fournier street 2 albert cottages 1 garden place 2 artillery passage 1 george yard 1 artillery lane 1 1 glasshouse street 1 alexandra buildings 2 1 goulston street 1 alfred buildings 1 goodman's yard 2 albert buildings 1 gower's walk 1 1 back church lane 1 1 great alie street 2 1 bath gardens 2 1 great prescot street 1 2 bell lane 2 2 great garden street 4 2 1 black lion yard 3 1 great pearl street 1 2 2 blossom street 1 1 green street 2 1 booth street 2,True,Likely table/statistical context: many_numbers=96; repeated_columns=name|place|street
Mile End New Town,houses,housing,1890,manholes have been constructed in every case where necessary estimated cost of the whole of above works is 425 in conclusion we may state that the carrying out of the infectious diseases notification act has involved a very considerable amount of extra work during the past year as will be seen from the figures relating to disinfecting in the tabulated work before mentioned we are sir your obedient servants richard skidmore wrack sanitary inspectors thos p wrack 23 appendix slaughter houses whitechapel address to whom licensed 269 whitechapel road alfred garton 3 high street benjamin james wood 6 solomon horwitz and joseph lialter 27 thomas kefford 4 charles henry knight 2 robert lankester 52 joseph nathan 52 cable street mary pettitt mile end new town 147 hanbury street john arthur garton cow houses whitechapel address to whom licensed 11 black lion yard both sides john davis 6 whites row evan edwards 7 finch street william james 33 old montague street william lambeth plough square william lewis 64 old montague street thomas watson christ church saw yard daniel barker 6 whites row catherine edwards 37 hanbury street david felix 155 commercial street evan david morgan 15 tilley street john johnson 16 grey eagle,True,Likely table/statistical context: many_numbers=21; repeated_columns=street
Mile End New Town,houses,housing,1890,extra work during the past year as will be seen from the figures relating to disinfecting in the tabulated work before mentioned we are sir your obedient servants richard skidmore wrack sanitary inspectors thos p wrack 23 appendix slaughter houses whitechapel address to whom licensed 269 whitechapel road alfred garton 3 high street benjamin james wood 6 solomon horwitz and joseph lialter 27 thomas kefford 4 charles henry knight 2 robert lankester 52 joseph nathan 52 cable street mary pettitt mile end new town 147 hanbury street john arthur garton cow houses whitechapel address to whom licensed 11 black lion yard both sides john davis 6 whites row evan edwards 7 finch street william james 33 old montague street william lambeth plough square william lewis 64 old montague street thomas watson christ church saw yard daniel barker 6 whites row catherine edwards 37 hanbury street david felix 155 commercial street evan david morgan 15 tilley street john johnson 16 grey eagle street james webb mile end new town 24 underwood street william,True,Likely table/statistical context: many_numbers=21; repeated_columns=street
Mile End New Town,houses,housing,1891,have extracted a few details from my notes of the year's work which i append without venturing to offer any explanation concerning them the total deaths during the year from influenza amounted to 50 males were victims in 28 instances twenty nine of the deaths occurred in the whitechapel union infirmary and in all other parts of the district and in outlying public institutions there died twenty one persons previous residence of persons dying from influenza spitalfields sub district 22 mile end new town sub district 5 whitechapel church 9 goodman's fields 3 aldgate 7 unknown 4 5o the registered common lodging houses in spitalfields contributed greatly to the above list page 36 page 37 8 age at death of the 50 influenza cases 1 died under the age of 1 year 3 between the ages of 1 and 5 nil 5 and 20 11 20 and 40 17 40 and 60 18 60 and 80 the deaths were registered as follows week ending may gth 11 cases 16th 5 23rd 7 30th 7 june 6th 3 13th 3 20th 3 27th 2,True,Likely table/statistical context: many_numbers=36; repeated_table_words=7; repeated_columns=age|district|sub|year
Mile End New Town,houses,housing,1891,sweaters to such the new act will be as it was intended a terror it is scarcely necessary to add that your sanitary staff will endeavour to keep pace with the great increase of work which must be the outcome of this most important enadtment with the customary tables recording the meteorological returns for the year i conclude the statistical work contained in this report i have the honor to be gentlemen your obedient servant joseph loane 32 appendix slaughter houses whitechapel address to whom licensed 269 whitechapel road alfred garton 3 high street benjamin james wood 6 solomon horwitz and joseph lialter 27 thomas kefford 4 charles henry knight 2 robert lancester 52 joseph nathan 52 cable street mary pettitt mile end new town 147 hanbury street john arthur garton cow houses whitechapel address to whom licensed 11 black lion yard both sides john davis 6 whites row evan edwards 7 finch street william james 33 old montague street william lambeth plough square william lewis 64 old montague street thomas watson christ church saw yard daniel barker 6 whites row catherine edward 37 hanbury street david felix 155 commercial street evan david morgan 15 tilley street john johnson 16 grey eagle,True,Likely table/statistical context: many_numbers=20; repeated_columns=street
Mile End New Town,houses,housing,1891,this most important enadtment with the customary tables recording the meteorological returns for the year i conclude the statistical work contained in this report i have the honor to be gentlemen your obedient servant joseph loane 32 appendix slaughter houses whitechapel address to whom licensed 269 whitechapel road alfred garton 3 high street benjamin james wood 6 solomon horwitz and joseph lialter 27 thomas kefford 4 charles henry knight 2 robert lancester 52 joseph nathan 52 cable street mary pettitt mile end new town 147 hanbury street john arthur garton cow houses whitechapel address to whom licensed 11 black lion yard both sides john davis 6 whites row evan edwards 7 finch street william james 33 old montague street william lambeth plough square william lewis 64 old montague street thomas watson christ church saw yard daniel barker 6 whites row catherine edward 37 hanbury street david felix 155 commercial street evan david morgan 15 tilley street john johnson 16 grey eagle street james webb mile end new town 24 underwood street william,True,Likely table/statistical context: many_numbers=21; repeated_columns=street
London Hospital,board,governance,1890,1 866 these figures are detailed in the customary forms in the tables of the appendix b c d in the absence of more reliable data assuming the birth rates for 1871 and 1881 to afford some index to the birth rate now i state our present population at 77 714 this will indicate a death rate of 24 per 1000 for the year under consideration the deaths of non residents which numbered 777 were registered as follows in the london hospital 764 in the whitechapel union infirmary 10 and in the aldgate subregistration district 3 one half of our people whose deaths were registered in public institutions outside the whitechapel distridt died in the asylums board hospitals and extra metropolitan asylums in the london general hospitals a total of 65 district residents died whilst in the london hospital 144 and in the whitechapel infirmary 395 residents deaths were respectively registered of the total 1 866 deaths of residents which took place during the year no less than 35 4 per cent occurred in public institutions the births exceeded the deaths in number by 854 page 24 6 percentage of deaths for each age period 26 7,True,Likely table/statistical context: many_numbers=24; repeated_table_words=11; repeated_columns=district|year
London Hospital,board,governance,1890,some index to the birth rate now i state our present population at 77 714 this will indicate a death rate of 24 per 1000 for the year under consideration the deaths of non residents which numbered 777 were registered as follows in the london hospital 764 in the whitechapel union infirmary 10 and in the aldgate subregistration district 3 one half of our people whose deaths were registered in public institutions outside the whitechapel distridt died in the asylums board hospitals and extra metropolitan asylums in the london general hospitals a total of 65 district residents died whilst in the london hospital 144 and in the whitechapel infirmary 395 residents deaths were respectively registered of the total 1 866 deaths of residents which took place during the year no less than 35 4 per cent occurred in public institutions the births exceeded the deaths in number by 854 page 24 6 percentage of deaths for each age period 26 7 of the total deaths took place under the age of 1 year 18 1 between the ages of 1 and 5,True,Likely table/statistical context: many_numbers=25; repeated_table_words=13; repeated_columns=age|district|place|year
London Hospital,board,governance,1890,spitalfields mile end new town whitechapel church goodmans fields aldgate total males females first quarter 107 217 336 21 49 422 308 second 81 135 293 23 38 320 250 third 85 168 293 21 35 327 275 fourth 83 157 276 28 35 332 247 total 356 677 1198 93 157 2481 table c the 777 deaths of non residents which took place in the district were registered as under spitalfields mile end new town whitechapel infirmary whitechapel church london hospital goodman's fields aldgate nil 10 764 nil 3 25 table d outlying public institutions and c where residents of the whitechapel district died during the year asylums board hospitals 49 brought over 125 brompton hospital 2 kensington infirmary 1 city infirmary 1 king's college hospital 1 city of london chest hospital 4 london fever hospital 1 chelsea infirmary 1 london temperance hospital 1 children's hospital great ormond street 1 middlesex hospital 1 mildmay hospital 1 children's hospital shadwell 12 mile end old town infirmary 1 evelina hospital 2 poplar and stepney sick asylum 1 east london mothers home 1 st anne's home stoke newington 2 extra metropolitan asylums,True,Likely table/statistical context: many_numbers=58; repeated_table_words=5; repeated_columns=district
London Hospital,board,governance,1891,spitalfields mile end new town whitechapel church goodmans fields aldgate total males females first quarter 1l6 221 323 25 35 397 323 second 86 l8l 308 26 37 371 267 third 80 136 274 26 31 319 228 fourth 71 145 258 23 23 292 228 total 353 683 1163 1oo 126 2425 table c the 778 deaths of non residents which took place in the distrid were registered as under spitalfields mile end new town whitechapel infirmary whitechapel church london hospital goodman's fields aldgate river thames nil 17 754 nil 7 table d outlying public institutions and c where residents of the whitechapel district died during the year aged pilgrims asylum 1 brought over 150 asylums board hospital 43 holloway prison 1 brompton hospital 5 jews home stepney 1 cancer hospital fulham 1 jews hospital charing cross hospital 2 king's college hospital 1 childrens hospital evelina 2 metropolitan hospital 1 gt ormond st 2 mile end old town infirmary shadwell 16 poplar and stepney sick asylum 1 city of london infirmary 1 queen charlotte hospital 1 city of london chest hospital 1 regent's canal haggerston 1 city of london asylum stone 1 station hospital rochester row 3,True,Likely table/statistical context: many_numbers=55; repeated_table_words=5
London Hospital,board,governance,1892,1892 sub registration districts spitalfields mile end new town whitechapel church goodmans fields total males females first quarter 111 181 315 63 382 288 second 74 172 281 52 353 226 third 74 162 263 40 325 214 fourth 76 163 322 55 361 255 total 335 678 1181 210 1421 983 2404 table c the 746 deaths of non residents which took place in the district were registered as under spitalfields mile end new town whitechapel infirmary whitechapel church london hospital goodman's fields river thames total 1 18 724 3 746 table d outlying public institutions and c where residents of the whitechapel district died during the year asylums board hospitals brought over 163 homerton fever hospital 58 hackney infirmary 1 northern 2 hand in hand asylum 1 north eastern 7 holborn workhouse 1 north western 3 hoxton house asylum 1 south eastern 3 islington infirmary 1 banstead asylum 7 jewish home 5 cane hill 2 king's college hospital 1 caterham 2 lock hospital 1 colney hatch 13 middlesex hospital 1 darenth 3 mile end infirmary 1 han well 3 mint street workhouse 1 leavesden 9 poplar hospital 1 bethnal,True,Likely table/statistical context: many_numbers=63; repeated_table_words=6; repeated_columns=district
Spitalfields,diphtheria,disease,1892,7 ii 1 13 14 16 2 66 130 ii table of population births and new casks of infectious sickness coming to the knowledge of the medical officer of health during the year 1892 in the metropolitan sanitary district of whitechapel classified according to diseases ages and localities names of localities and c population at all ages census population 1891 births during 53 weeks of 1892 cases of infectious disease notified cases removed to hospitals ages small pox scarlet fever diphtheria membranous croup typhus fever enteric fever contind fever relapsing fever puerperal fever cholera erysipelas small pox scarlet fever diphtheria membranous croup typhus fever enteric fever contnd fever relapsing fever puerperal fevei cholera erysipelas spitalfields sub registra tion district males fmales under 5 yrs 5 85 37 5 4 5 61 32 2 11468 10988 5 yrs and over 13 4 33 12 4 40 13 81 28 8 1 mile end new town sub registratn district including the infirmary 9433 8475 under 5 vrs 61 24 4 1 1 49 15 1 1 see table page 4 5 yrs and over 30 22 9 1 20 22 18 4 whitechapel church sub registratn district,True,Likely table/statistical context: many_numbers=58; repeated_columns=district|sub; fragmented_or_short=195_tokens
Spitalfields,diphtheria,disease,1892,sickness coming to the knowledge of the medical officer of health during the year 1892 in the metropolitan sanitary district of whitechapel classified according to diseases ages and localities names of localities and c population at all ages census population 1891 births during 53 weeks of 1892 cases of infectious disease notified cases removed to hospitals ages small pox scarlet fever diphtheria membranous croup typhus fever enteric fever contind fever relapsing fever puerperal fever cholera erysipelas small pox scarlet fever diphtheria membranous croup typhus fever enteric fever contnd fever relapsing fever puerperal fevei cholera erysipelas spitalfields sub registra tion district males fmales under 5 yrs 5 85 37 5 4 5 61 32 2 11468 10988 5 yrs and over 13 4 33 12 4 40 13 81 28 8 1 mile end new town sub registratn district including the infirmary 9433 8475 under 5 vrs 61 24 4 1 1 49 15 1 1 see table page 4 5 yrs and over 30 22 9 1 20 22 18 4 whitechapel church sub registratn district,True,Likely table/statistical context: many_numbers=50; repeated_columns=district|sub
Spitalfields,diphtheria,disease,1893,3 5 2 17 9 17 4 66 127 ii table of population births and new casks ok infectious sickness coming to the knowledge of the medical officer oi health during the year 1893 in the metropolitan sanitary district of whitechapel classified according to diseases ages and localities names of localities and c population at all ages census population 1891 births during 53 weeks of 1892 cases of infectious disease notified cases removed to hospitals ages small pox scarlet fever diphtheria membranous croup typhus fever enteric fever contind fever relapsing fever puerperal fever cholera erysipelas small pox scarlet fever diphtheria membranous croup typhus fever enteric fever contind fever re lapsing fever puerperal fever cholera erysipelas spitalfields sub registration males females 11468 10988 under 5 yrs 2 84 28 2 5 2 56 21 2 5 yrs and over 29 77 24 17 2 67 29 52 14 13 36 district mile end new town 9433 8475 under 5 yrs 92 22 2 2 55 17 5 yrs and over 10 11 25 1 7 4 30 10 75 16 5 12 sub registratn district including the infirmary see table page 70 whitechapel church 10419 9879 under,True,Likely table/statistical context: many_numbers=62; repeated_columns=district|sub; fragmented_or_short=196_tokens
Spitalfields,diphtheria,disease,1893,sickness coming to the knowledge of the medical officer oi health during the year 1893 in the metropolitan sanitary district of whitechapel classified according to diseases ages and localities names of localities and c population at all ages census population 1891 births during 53 weeks of 1892 cases of infectious disease notified cases removed to hospitals ages small pox scarlet fever diphtheria membranous croup typhus fever enteric fever contind fever relapsing fever puerperal fever cholera erysipelas small pox scarlet fever diphtheria membranous croup typhus fever enteric fever contind fever re lapsing fever puerperal fever cholera erysipelas spitalfields sub registration males females 11468 10988 under 5 yrs 2 84 28 2 5 2 56 21 2 5 yrs and over 29 77 24 17 2 67 29 52 14 13 36 district mile end new town 9433 8475 under 5 yrs 92 22 2 2 55 17 5 yrs and over 10 11 25 1 7 4 30 10 75 16 5 12 sub registratn district including the infirmary see table page 70 whitechapel church 10419 9879 under,True,Likely table/statistical context: many_numbers=53; repeated_columns=district|sub; fragmented_or_short=177_tokens
Spitalfields,diphtheria,disease,1894,5 upwards 1 102 57 28 1 108 297 25 table of population births and new cases of infectious sickness coming to the knowledge of the medical officer of health during the year 1894 in the metropolitan sanitary district of whitechapel classified according to diseases ages and localities names of localities and c population at all ages census population 1891 births during 52 weeks of 1894 cases of infectious disease notified cases removed to hospitals ages small pox scarlet fever diphtheria membranous croup typhus fever enteric fever contind fever relapsing fever puerperal fever cholera erysipelas small pox scarlet fever diphtheria membranous croup typhus fever enteric fever contnd fever relapsing fever puerperal fever cholera erysipelas males females spitalfields sub registration district 11468 10988 under 5 yrs 52 35 2 4 41 29 1 5 yrs and over 3 39 17 13 3 25 3 34 11 8 1 10 mile end new town sub regiistratn district including the infirmary 9433 8475 under 5 yrs 19 20 7 2 12 14 1 1 5 yrs and over 1 17 14 4 1 10 1 15 12 3 4 see table page 26 whitechapel church sub registratn district including the,True,Likely table/statistical context: many_numbers=60; repeated_table_words=5; repeated_columns=district|sub; fragmented_or_short=197_tokens
Spitalfields,houses,housing,1891,other statistics for 52 weeks of the year 1891 by joseph loans m r c p ed and e diplomate in public health university of cambridge associate of the college of state medicine member of the sanitary institute medical officer of health and public vaccinator to the whitechapel union examiner in and instructor of vaccination by order of the local government board london printed by penny and hull 53 leman street e 1892 registrar's summary census 1891 separate families schedules houses and population in each sub distridt of the whitechapel district sub district houses according to classes tenements of less than five rooms persons total separate families schdules inhabtd uninhabited building males female spitalfields mile end 2397 154 5 3634 11468 10988 22456 4224 new town whitechapl 1758 56 15 2969 9433 8475 17908 3363 church 2568 37 8 3092 10419 9s79 202g8 3813 goodman's fields 641 144 7 1029 3503 3i7 6673 r4 4 aldgate 1122 125 10 1203 3918 3008 6926 1452 total 8486 849 45 11927 38741 35520 74261 14266 a very brief study of the table which sets out the facts which i possess will serve to show the cosmopolitan,True,Likely table/statistical context: many_numbers=50; repeated_columns=district|sub
Spitalfields,houses,housing,1891,r c p ed and e diplomate in public health university of cambridge associate of the college of state medicine member of the sanitary institute medical officer of health and public vaccinator to the whitechapel union examiner in and instructor of vaccination by order of the local government board london printed by penny and hull 53 leman street e 1892 registrar's summary census 1891 separate families schedules houses and population in each sub distridt of the whitechapel district sub district houses according to classes tenements of less than five rooms persons total separate families schdules inhabtd uninhabited building males female spitalfields mile end 2397 154 5 3634 11468 10988 22456 4224 new town whitechapl 1758 56 15 2969 9433 8475 17908 3363 church 2568 37 8 3092 10419 9s79 202g8 3813 goodman's fields 641 144 7 1029 3503 3i7 6673 r4 4 aldgate 1122 125 10 1203 3918 3008 6926 1452 total 8486 849 45 11927 38741 35520 74261 14266 a very brief study of the table which sets out the facts which i possess will serve to show the cosmopolitan,True,Likely table/statistical context: many_numbers=48; repeated_columns=district|sub
Spitalfields,houses,housing,1891,or lung complication i have extracted a few details from my notes of the year's work which i append without venturing to offer any explanation concerning them the total deaths during the year from influenza amounted to 50 males were victims in 28 instances twenty nine of the deaths occurred in the whitechapel union infirmary and in all other parts of the district and in outlying public institutions there died twenty one persons previous residence of persons dying from influenza spitalfields sub district 22 mile end new town sub district 5 whitechapel church 9 goodman's fields 3 aldgate 7 unknown 4 5o the registered common lodging houses in spitalfields contributed greatly to the above list page 36 page 37 8 age at death of the 50 influenza cases 1 died under the age of 1 year 3 between the ages of 1 and 5 nil 5 and 20 11 20 and 40 17 40 and 60 18 60 and 80 the deaths were registered as follows week ending may gth 11 cases 16th 5 23rd 7 30th 7 june 6th 3 13th 3 20th 3 27th 2,True,Likely table/statistical context: many_numbers=36; repeated_table_words=7; repeated_columns=age|district|sub|year
Spitalfields,houses,housing,1891,them the total deaths during the year from influenza amounted to 50 males were victims in 28 instances twenty nine of the deaths occurred in the whitechapel union infirmary and in all other parts of the district and in outlying public institutions there died twenty one persons previous residence of persons dying from influenza spitalfields sub district 22 mile end new town sub district 5 whitechapel church 9 goodman's fields 3 aldgate 7 unknown 4 5o the registered common lodging houses in spitalfields contributed greatly to the above list page 36 page 37 8 age at death of the 50 influenza cases 1 died under the age of 1 year 3 between the ages of 1 and 5 nil 5 and 20 11 20 and 40 17 40 and 60 18 60 and 80 the deaths were registered as follows week ending may gth 11 cases 16th 5 23rd 7 30th 7 june 6th 3 13th 3 20th 3 27th 2 july 18th,True,Likely table/statistical context: many_numbers=36; repeated_table_words=7; repeated_columns=age|district|sub|year
Spitalfields,houses,housing,1893,value of property whitechapel holy trinity minories 4 35 449 20 301 85 7784 mile end new town 42 1273 10673 1138 11303 1502 29385 norton folgate 10 175 1528 180 1449 241 10490 old artillery ground 5 176 2516 150 2138 244 7595 old tower without 6 29 233 11 65 44 4001 st botolph without aldgate or east smithfield 34 363 2883 599 2971 594 33611 st katherine by the tower 14 10 104 7 182 11 10004 spitalfields 73 1874 21340 1818 22859 2682 87865 whitechapel part of 169 3542 30660 3306 32284 4896 201180 357 7477 70386 7229 73552 10299 391915 a small part of the civil parish of whitechapel containing 5 inhabited houses and 42 population is included in the municipal city of london the tower of london is deemed to be in the whitechapel district for purposes of registration of births marriages and deaths but is said to form no part of the board of works district a 2 iv table b wards into which the metropolitan parishes have been respectively divided l88l 1891 inhabited houses population inhabited houses population no of rated householders whitechapel east ward 1454 n 893 1616 14,True,Likely table/statistical context: many_numbers=78; repeated_columns=district
Wentworth Street,houses,housing,1890,3 grace's alley 5 great garden street 2 4 great pearl street 1 1 gun street 5 2 hanbury street 4 heneage street 1 11 lambeth street 2 2 leman street 5 6 little pearl street 1 1 mill yard 1 2 old montague street 1 osborn place 6 15 osborn street 1 paternoster row 3 8 princes street 1 13 tenter street 1 thrawl street 10 21 upper east smithfield 2 6 well street 2 wellclose square 2 2 wentworth street 6 9 wheeler street 1 whitechapel road 2 5 white's row 3 total 141 219 11 i have previously shown how the district suffers by comparison with many others by reason of these registered common lodging houses they often serve as half way houses between places outside our boundaries and the whitechapel union infirmary of the 219 deaths of these persons under consideration which took place in public institutions 181 were registered in the infirmary and 12 in the london hospital nearly 30 per cent of the deaths were due to phthisis if these figures have any value they show the urgent need for legislation which shall provide for the welfare of the submerged tenth model dwellings,True,Likely table/statistical context: many_numbers=48; repeated_columns=place|street
Wentworth Street,houses,housing,1890,3 grace's alley 5 great garden street 2 4 great pearl street 1 1 gun street 5 2 hanbury street 4 heneage street 1 11 lambeth street 2 2 leman street 5 6 little pearl street 1 1 mill yard 1 2 old montague street 1 osborn place 6 15 osborn street 1 paternoster row 3 8 princes street 1 13 tenter street 1 thrawl street 10 21 upper east smithfield 2 6 well street 2 wellclose square 2 2 wentworth street 6 9 wheeler street 1 whitechapel road 2 5 white's row 3 total 141 219 11 i have previously shown how the district suffers by comparison with many others by reason of these registered common lodging houses they often serve as half way houses between places outside our boundaries and the whitechapel union infirmary of the 219 deaths of these persons under consideration which took place in public institutions 181 were registered in the infirmary and 12 in the london hospital nearly 30 per cent of the deaths were due to phthisis if these figures have any value they show the urgent need for legislation which shall provide for the welfare of the submerged tenth model dwellings number of apartments population and number of,True,Likely table/statistical context: many_numbers=48; repeated_columns=place|street
Wentworth Street,houses,housing,1891,yard 5 1 grace's alley 5 great garden street 2 6 great pearl street 1 gun street 5 8 hanbury street 4 2 heneage street 1 10 lambeth street 2 leman street 5 4 little pearl street 1 1 mill yard 1 1 old montague street 1 osborn place 6 22 osborn street 1 paternoster row 3 10 princes street 1 9 tenter street 1 thrawl street 10 16 upper east smithfield 2 3 well street 2 wellclose square 2 wentworth street 6 7 wheeler street 1 1 whitechapel road 2 7 white's row 3 total 141 233 the above deaths took place as follows in the whitechapel infirmary 165 london hospital 8 colney hatch asylum 2 guy's hospital 1 homerton hospital 1 shoreditch infirmary 1 at the several lodging houses 55 233 14 cause of death zymotic diseases influenza 11 measles 1 erysipelas 1 other 1 constitutional diseases phthisis 64 other 12 premature birth 3 old age 3 diseases of nervous system 21 circulatory system 21 respiratory 75 digestive 2 urinary 10 accident 4 other causes 4 233 the above plan enables me to show how to some extent the increase in constitutional and respiratory diseases arises and but for which the whitechapel district would compare most favorably with the,True,Likely table/statistical context: many_numbers=68; repeated_columns=place|street; fragmented_or_short=211_tokens
Wentworth Street,houses,housing,1891,howard's buildings 1 royal mint 1 brushfield street i hunt street 1 sandys row 2 1 buckle street buildgs 1 john's court 1 scarborough street i bull court 1 john street c c 1 shepherd street i burr street i john street w c 4 spital street i i buxton street 1 i 9 katharine buildings 1 1 1 spelman street i cable street i king edward street i 1 spring gardens 1 christopher court 2 lamb street 1 strafford houses charlotte street i lambeth street i i wentworth street i christopher court 2 lardners buildings 1 st mark's street 1 chicksand street 1 leman street 4 3 i st mary's street i church lane 1 little alie street 1 swan street i church street c c 1 little john street i tenter street c c i 2 1 church passage 1 lolesworth buildings 1 1 2 i i thrawl street 1 cobb's yard i 1 mansell street 1 3 turner street i commercial road i 1 metropolitan bldings,True,Likely table/statistical context: many_numbers=39; repeated_columns=street; fragmented_or_short=169_tokens
Wentworth Street,houses,housing,1892,6 1 grace's alley 2 1 great garden street 2 2 great pearl street 1 gun street 5 3 hanbury street 5 1 heneage street 1 8 lambeth street 1 1 leman street 5 4 little pearl street 1 mill yard 1 old montague street 1 osborn place 6 21 osborn street i paternoster row 3 12 princes street 1 6 tenter street north 1 thrawl street 3 5 upper east smithfield 2 5 well street 2 wellclose square 1 wentworth street 5 14 wheeler street 1 whitechapel road 2 4 white's row 3 3 totals0 101 178 note since last year 45 old lodging houses have been abolished and 5 new ones have been opened making a total of 40 houses less lodgers in the above houses died during the year to the number of 178 16 the deaths took place as follows in the whitechapel infirmary 141 london hospital 11 german hospital 1 st bartholomew's hospital 1 homerton hospital 1 guy's hospital 1 banstead asylum 1 at the several lodging houses 21 178 it is obvious that no useful statistics can be compiled from,True,Likely table/statistical context: many_numbers=56; repeated_columns=place|street|year; fragmented_or_short=186_tokens
Spitalfields,cholera,disease,1892,births and new casks of infectious sickness coming to the knowledge of the medical officer of health during the year 1892 in the metropolitan sanitary district of whitechapel classified according to diseases ages and localities names of localities and c population at all ages census population 1891 births during 53 weeks of 1892 cases of infectious disease notified cases removed to hospitals ages small pox scarlet fever diphtheria membranous croup typhus fever enteric fever contind fever relapsing fever puerperal fever cholera erysipelas small pox scarlet fever diphtheria membranous croup typhus fever enteric fever contnd fever relapsing fever puerperal fevei cholera erysipelas spitalfields sub registra tion district males fmales under 5 yrs 5 85 37 5 4 5 61 32 2 11468 10988 5 yrs and over 13 4 33 12 4 40 13 81 28 8 1 mile end new town sub registratn district including the infirmary 9433 8475 under 5 vrs 61 24 4 1 1 49 15 1 1 see table page 4 5 yrs and over 30 22 9 1 20 22 18 4 whitechapel church sub registratn district,True,Likely table/statistical context: many_numbers=50; repeated_columns=district|sub
Spitalfields,cholera,disease,1892,year 1892 in the metropolitan sanitary district of whitechapel classified according to diseases ages and localities names of localities and c population at all ages census population 1891 births during 53 weeks of 1892 cases of infectious disease notified cases removed to hospitals ages small pox scarlet fever diphtheria membranous croup typhus fever enteric fever contind fever relapsing fever puerperal fever cholera erysipelas small pox scarlet fever diphtheria membranous croup typhus fever enteric fever contnd fever relapsing fever puerperal fevei cholera erysipelas spitalfields sub registra tion district males fmales under 5 yrs 5 85 37 5 4 5 61 32 2 11468 10988 5 yrs and over 13 4 33 12 4 40 13 81 28 8 1 mile end new town sub registratn district including the infirmary 9433 8475 under 5 vrs 61 24 4 1 1 49 15 1 1 see table page 4 5 yrs and over 30 22 9 1 20 22 18 4 whitechapel church sub registratn district,True,Likely table/statistical context: many_numbers=50; repeated_columns=district|sub
Spitalfields,cholera,disease,1893,births and new casks ok infectious sickness coming to the knowledge of the medical officer oi health during the year 1893 in the metropolitan sanitary district of whitechapel classified according to diseases ages and localities names of localities and c population at all ages census population 1891 births during 53 weeks of 1892 cases of infectious disease notified cases removed to hospitals ages small pox scarlet fever diphtheria membranous croup typhus fever enteric fever contind fever relapsing fever puerperal fever cholera erysipelas small pox scarlet fever diphtheria membranous croup typhus fever enteric fever contind fever re lapsing fever puerperal fever cholera erysipelas spitalfields sub registration males females 11468 10988 under 5 yrs 2 84 28 2 5 2 56 21 2 5 yrs and over 29 77 24 17 2 67 29 52 14 13 36 district mile end new town 9433 8475 under 5 yrs 92 22 2 2 55 17 5 yrs and over 10 11 25 1 7 4 30 10 75 16 5 12 sub registratn district including the infirmary see table page 70 whitechapel church 10419 9879 under,True,Likely table/statistical context: many_numbers=53; repeated_columns=district|sub
Spitalfields,cholera,disease,1893,1893 in the metropolitan sanitary district of whitechapel classified according to diseases ages and localities names of localities and c population at all ages census population 1891 births during 53 weeks of 1892 cases of infectious disease notified cases removed to hospitals ages small pox scarlet fever diphtheria membranous croup typhus fever enteric fever contind fever relapsing fever puerperal fever cholera erysipelas small pox scarlet fever diphtheria membranous croup typhus fever enteric fever contind fever re lapsing fever puerperal fever cholera erysipelas spitalfields sub registration males females 11468 10988 under 5 yrs 2 84 28 2 5 2 56 21 2 5 yrs and over 29 77 24 17 2 67 29 52 14 13 36 district mile end new town 9433 8475 under 5 yrs 92 22 2 2 55 17 5 yrs and over 10 11 25 1 7 4 30 10 75 16 5 12 sub registratn district including the infirmary see table page 70 whitechapel church 10419 9879 under,True,Likely table/statistical context: many_numbers=53; repeated_columns=district|sub; fragmented_or_short=163_tokens
Spitalfields,cholera,disease,1894,births and new cases of infectious sickness coming to the knowledge of the medical officer of health during the year 1894 in the metropolitan sanitary district of whitechapel classified according to diseases ages and localities names of localities and c population at all ages census population 1891 births during 52 weeks of 1894 cases of infectious disease notified cases removed to hospitals ages small pox scarlet fever diphtheria membranous croup typhus fever enteric fever contind fever relapsing fever puerperal fever cholera erysipelas small pox scarlet fever diphtheria membranous croup typhus fever enteric fever contnd fever relapsing fever puerperal fever cholera erysipelas males females spitalfields sub registration district 11468 10988 under 5 yrs 52 35 2 4 41 29 1 5 yrs and over 3 39 17 13 3 25 3 34 11 8 1 10 mile end new town sub regiistratn district including the infirmary 9433 8475 under 5 yrs 19 20 7 2 12 14 1 1 5 yrs and over 1 17 14 4 1 10 1 15 12 3 4 see table page 26 whitechapel church sub registratn district including the,True,Likely table/statistical context: many_numbers=51; repeated_columns=district|sub
Fashion Street,houses,housing,1893,dunk street m e n t durward street w c late white's row and bucks row eagle place m e n t east mount street w c eastman's court c c east street c c easington buildings w c eckersley street m e n t late william street east side 9 11 13 and 15 west side 14 16 18 20 22 and 24 eele place m e n t elder court n f elder street n f all the houses in district except 2 4 6 8 and 10 ellerms place m e n t elizabeth place w c ely place w c emery's place c c enoch's court w c north side 9 10 and 11 south side 1 2 and 3 fashion court c c fashion street c c 66 whitechapel district streets list continued fieldgate street w c finch street w c and m e n t fisher's alley c c fives court w c fleur de lis street n f fort street o a g fournier street c c late church street freeman street c c frostic place w c fryingpan alley c c garden court george yard w c garden place m e n t george court m e n t george street,True,Likely table/statistical context: many_numbers=22; repeated_columns=district|place|street; fragmented_or_short=209_tokens
Fashion Street,houses,housing,1895,street 2 spectacle alley 1 moss buildings 1 3 3 1 spital street 1 3 mount street 2 4 1 spital square mount place 1 spring gardens 1 4 3 1 mountford street 2 steward street 2 2 mundy's place 1 st mark street 1 metropolitan buildings 4 1 spelman street 5 3 morrison's buildings 1 spelman court 1 nelson court c c 5 swan street 1 nelson court w c 1 st george's house 1 1 1 new court fashion street 1 strafford houses 2 2 1 salvation army shelter whitechapel road 29 new road 2 new martin street 2 salvation army shelter royal mint street 4 newnham street 3 newcastle place 1 2 1 salvation army shelter hanbury street 3 2 2 nightingale lane 1 north place salvation army shelter quaker street 1 norton folgate 2 2 1 nathaniel buildings 12 3 1 st paul's schools wellclose square 2 new buildings 1 1 old castle street 2 tenter street c c 3 old,True,Likely table/statistical context: many_numbers=61; repeated_columns=place|street; fragmented_or_short=165_tokens
Fashion Street,houses,housing,1899,charlotte court and 26 houses in fieldgate street demolished lord rowton's scheme property belonged to london hospital 1899 bell lane about 800 part pulled down for widening sandys row and middlesex street others demolished as part of a scheme of the sir geo osborn's estate cobourg court cobbs court cobbs yard cox square lardners buildings sandys row new court paradise place short street tripe yard wentworth street middlesex street 1893 diamond court workshops 16 built upon site of 4 old houses by mr wearing of minerva street hackney boad 1893 new court great pearl street vacant land 80 10 old houses pulled down by mr wearing 1895 union court fashion street and fashion street and brick lane 18 houses with workshops 270 built upon site of 30 old houses by messrs n and r davis of hamilton house bishopsgate street without e c 12 in union court 15 in fashion street 3 in brick lane 350 1899 brady street mansions 2 blocks in course of erection 40 apartments being built upon vacant land by messrs n and r davis 250 1891 to 1899 queen's place and whitechapel high street free,True,Likely table/statistical context: many_numbers=23; repeated_columns=place|street
Fashion Street,houses,housing,1899,about 800 part pulled down for widening sandys row and middlesex street others demolished as part of a scheme of the sir geo osborn's estate cobourg court cobbs court cobbs yard cox square lardners buildings sandys row new court paradise place short street tripe yard wentworth street middlesex street 1893 diamond court workshops 16 built upon site of 4 old houses by mr wearing of minerva street hackney boad 1893 new court great pearl street vacant land 80 10 old houses pulled down by mr wearing 1895 union court fashion street and fashion street and brick lane 18 houses with workshops 270 built upon site of 30 old houses by messrs n and r davis of hamilton house bishopsgate street without e c 12 in union court 15 in fashion street 3 in brick lane 350 1899 brady street mansions 2 blocks in course of erection 40 apartments being built upon vacant land by messrs n and r davis 250 1891 to 1899 queen's place and whitechapel high street free,True,Likely table/statistical context: many_numbers=21; repeated_columns=place|street
Fashion Street,houses,housing,1899,and middlesex street others demolished as part of a scheme of the sir geo osborn's estate cobourg court cobbs court cobbs yard cox square lardners buildings sandys row new court paradise place short street tripe yard wentworth street middlesex street 1893 diamond court workshops 16 built upon site of 4 old houses by mr wearing of minerva street hackney boad 1893 new court great pearl street vacant land 80 10 old houses pulled down by mr wearing 1895 union court fashion street and fashion street and brick lane 18 houses with workshops 270 built upon site of 30 old houses by messrs n and r davis of hamilton house bishopsgate street without e c 12 in union court 15 in fashion street 3 in brick lane 350 1899 brady street mansions 2 blocks in course of erection 40 apartments being built upon vacant land by messrs n and r davis 250 1891 to 1899 queen's place and whitechapel high street free library and art gallery 90 built upon site of,True,Likely table/statistical context: many_numbers=21; repeated_columns=place|street
Leman Street,houses,housing,1891,on the sanitary condition of the whitechapel district with vital and other statistics for 52 weeks of the year 1891 by joseph loans m r c p ed and e diplomate in public health university of cambridge associate of the college of state medicine member of the sanitary institute medical officer of health and public vaccinator to the whitechapel union examiner in and instructor of vaccination by order of the local government board london printed by penny and hull 53 leman street e 1892 registrar's summary census 1891 separate families schedules houses and population in each sub distridt of the whitechapel district sub district houses according to classes tenements of less than five rooms persons total separate families schdules inhabtd uninhabited building males female spitalfields mile end 2397 154 5 3634 11468 10988 22456 4224 new town whitechapl 1758 56 15 2969 9433 8475 17908 3363 church 2568 37 8 3092 10419 9s79 202g8 3813 goodman's fields 641 144 7 1029 3503 3i7 6673 r4 4 aldgate 1122 125 10 1203 3918,True,Likely table/statistical context: many_numbers=39; repeated_columns=district|sub
Leman Street,houses,housing,1891,on the sanitary condition of the whitechapel district with vital and other statistics for 52 weeks of the year 1891 by joseph loans m r c p ed and e diplomate in public health university of cambridge associate of the college of state medicine member of the sanitary institute medical officer of health and public vaccinator to the whitechapel union examiner in and instructor of vaccination by order of the local government board london printed by penny and hull 53 leman street e 1892 registrar's summary census 1891 separate families schedules houses and population in each sub distridt of the whitechapel district sub district houses according to classes tenements of less than five rooms persons total separate families schdules inhabtd uninhabited building males female spitalfields mile end 2397 154 5 3634 11468 10988 22456 4224 new town whitechapl 1758 56 15 2969 9433 8475 17908 3363 church 2568 37 8 3092 10419 9s79 202g8 3813 goodman's fields 641 144 7 1029 3503 3i7 6673 r4 4 aldgate 1122 125 10 1203 3918 3008 6926 1452 total 8486 849 45 11927 38741 35520 74261 14266 a,True,Likely table/statistical context: many_numbers=50; repeated_columns=district|sub
Leman Street,houses,housing,1891,howard's buildings 1 royal mint 1 brushfield street i hunt street 1 sandys row 2 1 buckle street buildgs 1 john's court 1 scarborough street i bull court 1 john street c c 1 shepherd street i burr street i john street w c 4 spital street i i buxton street 1 i 9 katharine buildings 1 1 1 spelman street i cable street i king edward street i 1 spring gardens 1 christopher court 2 lamb street 1 strafford houses charlotte street i lambeth street i i wentworth street i christopher court 2 lardners buildings 1 st mark's street 1 chicksand street 1 leman street 4 3 i st mary's street i church lane 1 little alie street 1 swan street i church street c c 1 little john street i tenter street c c i 2 1 church passage 1 lolesworth buildings 1 1 2 i i thrawl street 1 cobb's yard i 1 mansell street 1 3 turner street i commercial road i 1 metropolitan bldings 1 underwood street 2 moss's buildings 1 40 table o continued principal zymotic diseases dealt with,True,Likely table/statistical context: many_numbers=43; repeated_columns=street; fragmented_or_short=185_tokens
Leman Street,houses,housing,1893,the whitechapel district with vital and other statistics for the year 1893 consisting of 52 weeks being the tenth annual joseph loane medical officer of health diplomate in public health university of cambridge fellow of the incorporated society of medical officers of health associate of the college of state medicine member of the sanitary institute public vaccinator to the whitechapel union examiner in and instructor of vaccination by order of the local government board london printed by penny and hull leman street e 1894 tables referring to the whitechapel district extracted from the 1891 census reports of the registrar general iii table v parliamentary counties and boroughs parliamentary counties and boroughs and their divisions 1891 1881 area in acres inhabited houses population population males females persons persons tower hamlets whitechapel division 378 7236 38917 35503 74420 71314 st george division 286 5506 24227 23691 47918 49382 limehouse division 423 6931 28272 26981 55253 56318 mile end division 677 6485 23631 25215 48846 47491 stepney division 7581 28709 30037 58746 58122 bow and bromley division 2333 11802 43956 44462 88418 82849 poplar division 10180 40346 37984 78330 73661 county of london table 8 ecclesiastical parishes or districts in the administrative county of,True,Likely table/statistical context: many_numbers=47; repeated_columns=district
Leman Street,houses,housing,1896,35 dorset street 17 16 thrawl street 26 56 flower and denn street 28 18 thrawl street 33 58 flower and dean street 53 18 upper east smithfield 18 1 garden court 65 40 upper east smithfield 8 16 gt garden street 41 77 whtechapel road 224 34 gun street 2 8 white's row 18 1 heneage street 225 232 whitechapel road 4 46 hanbury street 1 64 wentworth street 2 80 lambeth street 1 80 wentworth street 154 66 leman street 26 86 leman street 11 total 1840 registered common lodging houses 1896 name of street no of houses registered deaths in infirmary and elsewhere of lodgers brick lane 6 6 buckle street 1 commercial street 2 17 dorset street 14 28 flower and dean street 4 10 garden court 1 2 george yard 2 grace's alley 2 great garden street 2 4 great pearl street 1 gun street 1 hanbury street 5 heneage street 1 14 lambeth street 1 leman street 3 8 lolesworth street 2 1 old montague street 1,True,Likely table/statistical context: many_numbers=68; repeated_columns=street; fragmented_or_short=173_tokens
London Hospital,sanitary,sanitary,1892,1 winthrop street 3 2 queen street aldgate 1 wentworth bldngs 11 13 2 4 queen anne street 1 2 5 whitechapel infirmy 1 3 6 59 raven row c c 1 yeoman's yard 1 raven row w c 1 2 yoakley's buildings 1 raven street 5 3 totals 26 533 1 41 242 115 180 15 red lion court 2 regents court 1 total no of cases 1153 501 of above were removed to hospitals 28 in patients at london hospital 69 whitechapel infirmary 475 attended at their respedtive homes total 1153 36 table p sanitary and other work performed by the inspectors 1892 classification of work quarter ending mar 26th quarter ending june 25th quarter ending sept 24th quarter ending dec 31st totals for the year numbers of inspections of houses as shewn in the official returns 2431 2970 4029 8755 18185 houses specially visited 725 433 638 962 2758 preliminary notices served 300 352 750 827 2229 compulsory orders issued 17 13 32 80 142 number of letters sent 76 87 128 115 406,True,Likely table/statistical context: many_numbers=65; repeated_columns=quarter|street
London Hospital,sanitary,sanitary,1893,barracks workhouses and hospitals in registration districts and sub districts and civil parishes registration district registration sub district civil parish name of institution total number of inmates including officers and c number of special inmates such as paupers patients and c persons males females persons males females whitechapel mile end new town mile end new town workhouse infirmary 656 368 288 599 362 237 whitechapel whitechapl church whitechapel workhouse cas wrd 47 45 2 43 43 whitechapel whitechapl church whitechapel london hospital 839 344 495 556 311 245 whitechapel goodman's fields tower of london tower of london 683 657 26 650 650 table 6 total tenements and tenements with less than five rooms distinguishing those occupied by various numbers of persons in the sanitary areas of the registration division sanitary area rooms in tenement number of tenements with less than five rooms number of occupants of tenements 1 2 3 4 5 6 7 8 9 10 11 12 or more whitechapel total tenements 1 4 575 823 1341 1011 681 382 200 94 26 13 3 1 2 4 167 131 591 705 665 672 563 384 236 129 58 17 16 3 2 173 34 166 269 288 356 310 250 218,True,Likely table/statistical context: many_numbers=75; repeated_columns=district|sub
London Hospital,sanitary,sanitary,1893,barracks workhouses and hospitals in registration districts and sub districts and civil parishes registration district registration sub district civil parish name of institution total number of inmates including officers and c number of special inmates such as paupers patients and c persons males females persons males females whitechapel mile end new town mile end new town workhouse infirmary 656 368 288 599 362 237 whitechapel whitechapl church whitechapel workhouse cas wrd 47 45 2 43 43 whitechapel whitechapl church whitechapel london hospital 839 344 495 556 311 245 whitechapel goodman's fields tower of london tower of london 683 657 26 650 650 table 6 total tenements and tenements with less than five rooms distinguishing those occupied by various numbers of persons in the sanitary areas of the registration division sanitary area rooms in tenement number of tenements with less than five rooms number of occupants of tenements 1 2 3 4 5 6 7 8 9 10 11 12 or more whitechapel total tenements 1 4 575 823 1341 1011 681 382 200 94 26 13 3 1 2 4 167 131 591 705 665 672 563 384 236 129 58 17 16 3 2 173 34 166 269 288 356 310 250 218 141 82 35 24 14 257,True,Likely table/statistical context: many_numbers=81; repeated_columns=district|sub
London Hospital,sanitary,sanitary,1894,section of duty i am sure that outsiders as well as yourselves would be as satisfied with them as i am i have the honor to be gentlemen your obedient servant joseph loane appendix area and population of the district to which this returns relates area in acres 406 including 23 acres of water population in 1891 74 261 estimated population in the middle of 1894 75 498 census of public institutions on the night of december 31st 1894 the london hospital 929 1 643 the whitechapel union infirmary 714 605 of whom were patients 619 or whom were patients to to table of deaths during the year in the metropolitan sanitary district of whitechapel classified according to diseases ages and localities description of public institutions sub registration districts and c mortality from all causes at subjoined ages age 1 2 8 4 5 6 7 8 9 10 11 12 13 14 15 16 17 18 19 20 21 22 small pox scarlatina diphtheria membranous croup fevers cholera erysipelas measles whooping cough diarrh a and dysentary rheumatic fever ague phthisis bronchitis pneumonia and pleurisy heart disease injuries all other causes totals,True,Likely table/statistical context: many_numbers=37; repeated_columns=causes|district
London Hospital,sanitary,sanitary,1894,1 raven street 2 whitechapel road 5 3 2 4 royal mint street 1 1 1 wilkes street 1 2 1 royal mint square 8 1 winthrop street 3 1 rothchild's buildings 5 6 1 wentworth street 7 1 1 sandys row 1 whitechapel infirmary 1 1 1 20 8 seven star yard 2 short street 1 totals 11 264 161 13 36 7 96 58 shorter street 2 371 of above were removed to hospitals 23 in patient at london hospital 30 whitechapel infirmary 222 attended at their respective homes total 616 total no of cases 616 35 table p sanitary and other work performed by the inspectors classification of work quarter ended mar 31st quarter ended time 30th quarter ended sept 29th quarter ended dec 29th totals for the year numbers of inspections of houses as shown in the official returns 4791 5984 5204 5135 21114 houses specially visited 577 950 757 320 2604 preliminary notices served 737 614 729 529 2609 compulsory orders issued 108 176 122 122 528 number of letters sent 146 182 178 155 661 number,True,Likely table/statistical context: many_numbers=71; repeated_columns=quarter|street
Thrawl Street,fever,disease,1890,church lane 2 lamb street 3 2 tenter street east 2 church street c c 2 lardners buildings 1 tenter street north 1 church passage 1 leman street 4 1 tenter street south 3 4 colchester street 1 little alie street 1 tenter street c c 3 college buildings 1 1 lolesworth buildings 2 1 1 2 1 thomas street 2 1 32 table o continued principal zymotic diseases dealt with during the year name of place small pox scarlet fever typhus fever enteric fever diphtheria measles erysipelas croup name of place small pox scarlet fever typhus fever enteric fever diphtheria measles erysipelas croup name of place small pox scarlet fever typhus fever enteric fever diphtheria measles erysipelas croup commercial street 2 lombard street 2 1 thrawl street 2 corbett's court 1 3 london hospital 1 2 tilley street 2 cox square 1 lower e smithfield 2 tower hill 1 crispin street l mansell street 3 tower of london 1 1 dock street 3 middlesex street 2 2 underwood street 2 1 3 1 dorset street 1 1 mount place 1 vine court w c 1 dunk street 1 mount street 3 1 vire yard 1 duke street 2 newcastle place 1 1 vine court c c,True,Likely table/statistical context: many_numbers=58; repeated_columns=name|place|street; fragmented_or_short=207_tokens
Thrawl Street,fever,disease,1890,2 lamb street 3 2 tenter street east 2 church street c c 2 lardners buildings 1 tenter street north 1 church passage 1 leman street 4 1 tenter street south 3 4 colchester street 1 little alie street 1 tenter street c c 3 college buildings 1 1 lolesworth buildings 2 1 1 2 1 thomas street 2 1 32 table o continued principal zymotic diseases dealt with during the year name of place small pox scarlet fever typhus fever enteric fever diphtheria measles erysipelas croup name of place small pox scarlet fever typhus fever enteric fever diphtheria measles erysipelas croup name of place small pox scarlet fever typhus fever enteric fever diphtheria measles erysipelas croup commercial street 2 lombard street 2 1 thrawl street 2 corbett's court 1 3 london hospital 1 2 tilley street 2 cox square 1 lower e smithfield 2 tower hill 1 crispin street l mansell street 3 tower of london 1 1 dock street 3 middlesex street 2 2 underwood street 2 1 3 1 dorset street 1 1 mount place 1 vine court w c 1 dunk street 1 mount street 3 1 vire yard 1 duke street 2 newcastle place 1 1 vine court c c,True,Likely table/statistical context: many_numbers=58; repeated_columns=name|place|street; fragmented_or_short=205_tokens
Thrawl Street,fever,disease,1890,street 3 2 tenter street east 2 church street c c 2 lardners buildings 1 tenter street north 1 church passage 1 leman street 4 1 tenter street south 3 4 colchester street 1 little alie street 1 tenter street c c 3 college buildings 1 1 lolesworth buildings 2 1 1 2 1 thomas street 2 1 32 table o continued principal zymotic diseases dealt with during the year name of place small pox scarlet fever typhus fever enteric fever diphtheria measles erysipelas croup name of place small pox scarlet fever typhus fever enteric fever diphtheria measles erysipelas croup name of place small pox scarlet fever typhus fever enteric fever diphtheria measles erysipelas croup commercial street 2 lombard street 2 1 thrawl street 2 corbett's court 1 3 london hospital 1 2 tilley street 2 cox square 1 lower e smithfield 2 tower hill 1 crispin street l mansell street 3 tower of london 1 1 dock street 3 middlesex street 2 2 underwood street 2 1 3 1 dorset street 1 1 mount place 1 vine court w c 1 dunk street 1 mount street 3 1 vire yard 1 duke street 2 newcastle place 1 1 vine court c c,True,Likely table/statistical context: many_numbers=57; repeated_columns=name|place|street; fragmented_or_short=203_tokens
Thrawl Street,fever,disease,1890,2 lardners buildings 1 tenter street north 1 church passage 1 leman street 4 1 tenter street south 3 4 colchester street 1 little alie street 1 tenter street c c 3 college buildings 1 1 lolesworth buildings 2 1 1 2 1 thomas street 2 1 32 table o continued principal zymotic diseases dealt with during the year name of place small pox scarlet fever typhus fever enteric fever diphtheria measles erysipelas croup name of place small pox scarlet fever typhus fever enteric fever diphtheria measles erysipelas croup name of place small pox scarlet fever typhus fever enteric fever diphtheria measles erysipelas croup commercial street 2 lombard street 2 1 thrawl street 2 corbett's court 1 3 london hospital 1 2 tilley street 2 cox square 1 lower e smithfield 2 tower hill 1 crispin street l mansell street 3 tower of london 1 1 dock street 3 middlesex street 2 2 underwood street 2 1 3 1 dorset street 1 1 mount place 1 vine court w c 1 dunk street 1 mount street 3 1 vire yard 1 duke street 2 newcastle place 1 1 vine court c c,True,Likely table/statistical context: many_numbers=54; repeated_columns=name|place|street; fragmented_or_short=192_tokens
Thrawl Street,fever,disease,1890,buildings 1 tenter street north 1 church passage 1 leman street 4 1 tenter street south 3 4 colchester street 1 little alie street 1 tenter street c c 3 college buildings 1 1 lolesworth buildings 2 1 1 2 1 thomas street 2 1 32 table o continued principal zymotic diseases dealt with during the year name of place small pox scarlet fever typhus fever enteric fever diphtheria measles erysipelas croup name of place small pox scarlet fever typhus fever enteric fever diphtheria measles erysipelas croup name of place small pox scarlet fever typhus fever enteric fever diphtheria measles erysipelas croup commercial street 2 lombard street 2 1 thrawl street 2 corbett's court 1 3 london hospital 1 2 tilley street 2 cox square 1 lower e smithfield 2 tower hill 1 crispin street l mansell street 3 tower of london 1 1 dock street 3 middlesex street 2 2 underwood street 2 1 3 1 dorset street 1 1 mount place 1 vine court w c 1 dunk street 1 mount street 3 1 vire yard 1 duke street 2 newcastle place 1 1 vine court c c,True,Likely table/statistical context: many_numbers=53; repeated_columns=name|place|street; fragmented_or_short=190_tokens
George Yard,houses,housing,1890,and the other a girl aged two years all were registered by instruction of the coroner without inquests water supply to the district from the published monthly returns furnished by the experts who examine regularly into the condition of the water supplied by the companies it appears that good water has been distributed in sufficient quantity during the year constant service is the mode of supply nearly throughout the district registered common lodging houses 1890 name of street no of houses registered deaths in infirmary and elsewhere of lodgers brick lane 7 5 brushfield street 1 buckle street 1 bull court whitechapel 4 commercial street 2 14 dorset street 12 34 flower and dean street 28 46 garden court 1 george street 12 9 george yard 5 3 grace's alley 5 great garden street 2 4 great pearl street 1 1 gun street 5 2 hanbury street 4 heneage street 1 11 lambeth street 2 2 leman street 5 6 little pearl street 1 1 mill yard 1 2 old montague street 1 osborn place 6 15 osborn street 1 paternoster row 3 8 princes street 1 13 tenter street 1 thrawl street 10 21 upper east smithfield 2 6 well street 2 wellclose square,True,Likely table/statistical context: many_numbers=49; repeated_columns=district|street
George Yard,houses,housing,1891,new mortuary when it becomes generally known that so useful and excellent a building is available i have nothing to add to the reports which i have given annually in the past upon water supply the water supply monthly returns from the government as well to the district as those supplied from the offices of the companies indicate a proper distribution of water both as regards quality and quantity 13 registered common lodging houses 1891 name of street no of houses registered deaths in infirmary and elsewhere of lodgers brick lane 7 11 brushfield street i buckle street i bull court whitechapel 4 1 commercial street 2 22 dorset street 12 41 flower and dean street 28 30 garden court 1 george street 12 20 george yard 5 1 grace's alley 5 great garden street 2 6 great pearl street 1 gun street 5 8 hanbury street 4 2 heneage street 1 10 lambeth street 2 leman street 5 4 little pearl street 1 1 mill yard 1 1 old montague street 1 osborn place 6 22 osborn street 1 paternoster row 3 10 princes street 1 9 tenter street 1 thrawl street 10 16 upper east smithfield 2 3 well street 2 wellclose square 2,True,Likely table/statistical context: many_numbers=49; repeated_columns=street; fragmented_or_short=206_tokens
George Yard,houses,housing,1892,mortuary of those deceased residents who require removal i shall follow out my original plan most strenuously that plan your board is already familiar with i have already adopted it partially 15 i have no report concerning the quantity and quality of our water supply according to the official returns water supply which are furnished to me monthly the companies to the district continue to afford their customers excellent water registered common lodging houses 1892 name of street no of houses registered deaths in infirmary and elsewhere of lodgers brick lane 7 12 brushfield street 1 buckle street 1 bull court whitechapel 4 commercial street 2 14 dorset street 14 37 flower and dean street 4 19 garden court 1 george street 5 5 george yard 6 1 grace's alley 2 1 great garden street 2 2 great pearl street 1 gun street 5 3 hanbury street 5 1 heneage street 1 8 lambeth street 1 1 leman street 5 4 little pearl street 1 mill yard 1 old montague street 1 osborn place 6 21 osborn street i paternoster row 3 12 princes street 1 6 tenter street north 1 thrawl street 3 5 upper east smithfield 2 5 well street 2 wellclose square,True,Likely table/statistical context: many_numbers=48; repeated_columns=street; fragmented_or_short=205_tokens
George Yard,houses,housing,1893,are in reality common lodging houses b 2 10 not registered i trust the time will soon arrive when all places set apart for the lodging of the very poor will be benefitted by the official inspections to which the registered houses have long been subjected so far as overcrowding went i was able in two of these shelters to effect a considerable reduction in the number of beds provided registered common lodging houses 1893 name of street no of houses registered deaths in infirmary and elsewhere of lodgers brick lane 7 10 brushfield street 1 buckle street 1 2 bull court whitechapel 4 commercial street 2 15 dorset street 14 30 flower and dean street 4 17 garden court 1 george street 5 4 george yard 2 grace's alley 2 great garden street 2 1 great pearl street 1 4 gun street 6 13 hanbury street 5 heneage street 1 14 lambeth street 1 1 leman street 5 10 little pearl street 1 3 osborn place 6 23 osborn street 1 paternoster row 3 10 princes street 1 10 queen street mile end new town 1 tenter street north 1 thrawl street 4 5 upper east smithfield 2 8 well street 2 2 wellclose square,True,Likely table/statistical context: many_numbers=50; repeated_columns=street; fragmented_or_short=206_tokens
George Yard,houses,housing,1894,which at least demand considerable attention registered common lodging houses are now under the control of the london county council instead of as formerly being under police supervision these houses are fewer in number being 86 now as compared with 98 in the last year i append a list as usual showing the number of deaths among the inhabitants of these houses where 10 such deaths took place in the whitechapel union infirmary or other public institution registered common lodging houses 1894 name of street no of houses registered deaths in infirmary and elsewhere of lodgers brick lane 6 13 buckle street 1 commercial street 2 7 dorset street 14 33 flower and dean street 4 8 garden court 1 george yard 2 grace's alley 2 great garden street 2 3 great pearl street 1 gun street 2 2 hanbury street 5 heneage street 1 10 lambeth street 1 1 leman street 5 little pearl street 1 lolesworth street 5 2 old montague street 1 osborn place 6 14 paternoster row 2 2 princelet street 1 4 queen street mile end new town 1 tenter street north 1 thrawl street 4 9 upper east smithfield 2 4 well street 2 wellclose,True,Likely table/statistical context: many_numbers=44; repeated_columns=place|street
Mile End New Town,typhus,disease,1892,disease occurred thus supporting the experience of the previous year thirty three men died to thirty seven women the age mortality was as follows 1 died from influenza between 10 and 20 years of age 9 20 and 40 25 40 and 60 24 60 and 80 11 at over 80 years of age the sub registration districts wherein the patients had previously resided and the number belonging to each i also append in the spitalfields sub registration district 27 mile end new town 11 whitechapel church 23 goodman's fields 9 in concluding this part of my report i wish to mention that one death from typhus fever was registered during the year i have sufficient reason however to state that most probably there was an error in diagnosis in this case it occurred in a model dwelling the patient was an elderly man living by himself in one room he was looked after by his daughter and her husband who occupied an adjoining room the man had not been from home for some weeks and a medical gentleman who saw the case in consultation with the,True,Likely table/statistical context: many_numbers=18; repeated_columns=age|sub|year
Mile End New Town,typhus,disease,1892,31st december 1 2 3 4 5 6 7 and 9 10 11 12 13 14 15 16 17 18 19 20 21 22 small pox scarlatina diphtheria membranous croup fevers cholera erysipelas measles whooping cough diarrh a and dysentery rheumatic fever ague phthisis bronchitis pneumonia and pleurisy heart disease injuries all other causes total at all ages under 1 year 1 and under 5 5 and under 15 15 and under 25 25 and under 65 65 and upwards typhus enteric or typhoid continued relapsing puerperal spitalfields sub registration district 335 125 51 10 6 101 42 under 5 1 2 1 17 15 10 31 9 86 175 5 upwards 1 2 1 3 1 1 22 45 32 1 51 160 mile end new town sub registration district 678 148 75 11 24 294 126 under 5 2 1 16 11 11 5 4 140 223 5 upwards 2 1 1 4 2 3 99 91 49 9 194 455 whitechapel church sub registration district 1181 188 232 78 102 501 80 under 5 1 34 1 4 14 16 11 1 110 2 28 197 418 5 upwards 7 15 1 3 5 4 1 33 98 116 96 383 762,True,Likely table/statistical context: many_numbers=127; repeated_columns=district|sub; fragmented_or_short=205_tokens
Mile End New Town,typhus,disease,1892,the knowledge of the medical officer of health during the year 1892 in the metropolitan sanitary district of whitechapel classified according to diseases ages and localities names of localities and c population at all ages census population 1891 births during 53 weeks of 1892 cases of infectious disease notified cases removed to hospitals ages small pox scarlet fever diphtheria membranous croup typhus fever enteric fever contind fever relapsing fever puerperal fever cholera erysipelas small pox scarlet fever diphtheria membranous croup typhus fever enteric fever contnd fever relapsing fever puerperal fevei cholera erysipelas spitalfields sub registra tion district males fmales under 5 yrs 5 85 37 5 4 5 61 32 2 11468 10988 5 yrs and over 13 4 33 12 4 40 13 81 28 8 1 mile end new town sub registratn district including the infirmary 9433 8475 under 5 vrs 61 24 4 1 1 49 15 1 1 see table page 4 5 yrs and over 30 22 9 1 20 22 18 4 whitechapel church sub registratn district including the london hospital 10419 9879 u nder 5 yrs 70 33 5 1 47 2 3 1 5 yrs and over 97 49 1 10 2 34 64 26 7 4 goodman's fields 5 ub,True,Likely table/statistical context: many_numbers=73; repeated_columns=district|sub; fragmented_or_short=209_tokens
Mile End New Town,typhus,disease,1893,the knowledge of the medical officer oi health during the year 1893 in the metropolitan sanitary district of whitechapel classified according to diseases ages and localities names of localities and c population at all ages census population 1891 births during 53 weeks of 1892 cases of infectious disease notified cases removed to hospitals ages small pox scarlet fever diphtheria membranous croup typhus fever enteric fever contind fever relapsing fever puerperal fever cholera erysipelas small pox scarlet fever diphtheria membranous croup typhus fever enteric fever contind fever re lapsing fever puerperal fever cholera erysipelas spitalfields sub registration males females 11468 10988 under 5 yrs 2 84 28 2 5 2 56 21 2 5 yrs and over 29 77 24 17 2 67 29 52 14 13 36 district mile end new town 9433 8475 under 5 yrs 92 22 2 2 55 17 5 yrs and over 10 11 25 1 7 4 30 10 75 16 5 12 sub registratn district including the infirmary see table page 70 whitechapel church 10419 9879 under 5 yrs 92 20 2 1 8 67 15 1 3 5 yrs and over 43 133 36 1 14 2 35 43 91 21 1 10 18 sub registratn district including the london hospital,True,Likely table/statistical context: many_numbers=77; repeated_columns=district|sub; fragmented_or_short=209_tokens
Mile End New Town,typhus,disease,1894,the knowledge of the medical officer of health during the year 1894 in the metropolitan sanitary district of whitechapel classified according to diseases ages and localities names of localities and c population at all ages census population 1891 births during 52 weeks of 1894 cases of infectious disease notified cases removed to hospitals ages small pox scarlet fever diphtheria membranous croup typhus fever enteric fever contind fever relapsing fever puerperal fever cholera erysipelas small pox scarlet fever diphtheria membranous croup typhus fever enteric fever contnd fever relapsing fever puerperal fever cholera erysipelas males females spitalfields sub registration district 11468 10988 under 5 yrs 52 35 2 4 41 29 1 5 yrs and over 3 39 17 13 3 25 3 34 11 8 1 10 mile end new town sub regiistratn district including the infirmary 9433 8475 under 5 yrs 19 20 7 2 12 14 1 1 5 yrs and over 1 17 14 4 1 10 1 15 12 3 4 see table page 26 whitechapel church sub registratn district including the london hospital 10419 9879 under 5 yrs 1 34 27 2 1 5 29 19 1 1 1 5 yrs and over 4 47 25 2 4 1 19 2 33 16,True,Likely table/statistical context: many_numbers=76; repeated_columns=district|sub; fragmented_or_short=207_tokens
Aldgate,houses,housing,1891,i append without venturing to offer any explanation concerning them the total deaths during the year from influenza amounted to 50 males were victims in 28 instances twenty nine of the deaths occurred in the whitechapel union infirmary and in all other parts of the district and in outlying public institutions there died twenty one persons previous residence of persons dying from influenza spitalfields sub district 22 mile end new town sub district 5 whitechapel church 9 goodman's fields 3 aldgate 7 unknown 4 5o the registered common lodging houses in spitalfields contributed greatly to the above list page 36 page 37 8 age at death of the 50 influenza cases 1 died under the age of 1 year 3 between the ages of 1 and 5 nil 5 and 20 11 20 and 40 17 40 and 60 18 60 and 80 the deaths were registered as follows week ending may gth 11 cases 16th 5 23rd 7 30th 7 june 6th 3 13th 3 20th 3 27th 2,True,Likely table/statistical context: many_numbers=36; repeated_table_words=7; repeated_columns=age|district|sub|year
Aldgate,houses,housing,1893,74420 71314 st george division 286 5506 24227 23691 47918 49382 limehouse division 423 6931 28272 26981 55253 56318 mile end division 677 6485 23631 25215 48846 47491 stepney division 7581 28709 30037 58746 58122 bow and bromley division 2333 11802 43956 44462 88418 82849 poplar division 10180 40346 37984 78330 73661 county of london table 8 ecclesiastical parishes or districts in the administrative county of london consisting of parts of the ancient counties of middlesex surrey and kent inhabited houses and population ecclesiastical parish or district date of foundation inhabited houses population ancient parish in which situated whitechapel st jude 1845 555 5854 whitechapel st mark 1839 624 6404 st mary 1802 16985 st paul dock street 1864 896 6673 whitechapel st botolph without aldgate or east smithfield liberty st katherineby the tower old tower without and wapping table a area inhabited houses and population and c parishes boards of works districts and c area in statute acres 1881 1891 1891 inhabited houses population inhabited houses population number of rated householders rateable annual value of property whitechapel holy trinity minories 4 35 449 20 301 85 7784 mile end new town 42 1273 10673 1138 11303 1502 29385 norton folgate 10 175 1528 180 1449,True,Likely table/statistical context: many_numbers=70
Aldgate,houses,housing,1893,limehouse division 423 6931 28272 26981 55253 56318 mile end division 677 6485 23631 25215 48846 47491 stepney division 7581 28709 30037 58746 58122 bow and bromley division 2333 11802 43956 44462 88418 82849 poplar division 10180 40346 37984 78330 73661 county of london table 8 ecclesiastical parishes or districts in the administrative county of london consisting of parts of the ancient counties of middlesex surrey and kent inhabited houses and population ecclesiastical parish or district date of foundation inhabited houses population ancient parish in which situated whitechapel st jude 1845 555 5854 whitechapel st mark 1839 624 6404 st mary 1802 16985 st paul dock street 1864 896 6673 whitechapel st botolph without aldgate or east smithfield liberty st katherineby the tower old tower without and wapping table a area inhabited houses and population and c parishes boards of works districts and c area in statute acres 1881 1891 1891 inhabited houses population inhabited houses population number of rated householders rateable annual value of property whitechapel holy trinity minories 4 35 449 20 301 85 7784 mile end new town 42 1273 10673 1138 11303 1502 29385 norton folgate 10 175 1528 180 1449,True,Likely table/statistical context: many_numbers=62
Aldgate,houses,housing,1893,poplar division 10180 40346 37984 78330 73661 county of london table 8 ecclesiastical parishes or districts in the administrative county of london consisting of parts of the ancient counties of middlesex surrey and kent inhabited houses and population ecclesiastical parish or district date of foundation inhabited houses population ancient parish in which situated whitechapel st jude 1845 555 5854 whitechapel st mark 1839 624 6404 st mary 1802 16985 st paul dock street 1864 896 6673 whitechapel st botolph without aldgate or east smithfield liberty st katherineby the tower old tower without and wapping table a area inhabited houses and population and c parishes boards of works districts and c area in statute acres 1881 1891 1891 inhabited houses population inhabited houses population number of rated householders rateable annual value of property whitechapel holy trinity minories 4 35 449 20 301 85 7784 mile end new town 42 1273 10673 1138 11303 1502 29385 norton folgate 10 175 1528 180 1449 241 10490 old artillery ground 5 176 2516 150 2138 244 7595 old tower without 6 29 233,True,Likely table/statistical context: many_numbers=51
Aldgate,houses,housing,1893,poplar division 10180 40346 37984 78330 73661 county of london table 8 ecclesiastical parishes or districts in the administrative county of london consisting of parts of the ancient counties of middlesex surrey and kent inhabited houses and population ecclesiastical parish or district date of foundation inhabited houses population ancient parish in which situated whitechapel st jude 1845 555 5854 whitechapel st mark 1839 624 6404 st mary 1802 16985 st paul dock street 1864 896 6673 whitechapel st botolph without aldgate or east smithfield liberty st katherineby the tower old tower without and wapping table a area inhabited houses and population and c parishes boards of works districts and c area in statute acres 1881 1891 1891 inhabited houses population inhabited houses population number of rated householders rateable annual value of property whitechapel holy trinity minories 4 35 449 20 301 85 7784 mile end new town 42 1273 10673 1138 11303 1502 29385 norton folgate 10 175 1528 180 1449 241 10490 old artillery ground 5 176 2516 150 2138 244 7595 old tower without 6 29 233 11 65 44 4001 st botolph without aldgate or east smithfield 34 363 2883 599 2971 594 33611 st katherine,True,Likely table/statistical context: many_numbers=62
London Hospital,measles,disease,1890,2 tenter street east 2 church street c c 2 lardners buildings 1 tenter street north 1 church passage 1 leman street 4 1 tenter street south 3 4 colchester street 1 little alie street 1 tenter street c c 3 college buildings 1 1 lolesworth buildings 2 1 1 2 1 thomas street 2 1 32 table o continued principal zymotic diseases dealt with during the year name of place small pox scarlet fever typhus fever enteric fever diphtheria measles erysipelas croup name of place small pox scarlet fever typhus fever enteric fever diphtheria measles erysipelas croup name of place small pox scarlet fever typhus fever enteric fever diphtheria measles erysipelas croup commercial street 2 lombard street 2 1 thrawl street 2 corbett's court 1 3 london hospital 1 2 tilley street 2 cox square 1 lower e smithfield 2 tower hill 1 crispin street l mansell street 3 tower of london 1 1 dock street 3 middlesex street 2 2 underwood street 2 1 3 1 dorset street 1 1 mount place 1 vine court w c 1 dunk street 1 mount street 3 1 vire yard 1 duke street 2 newcastle place 1 1 vine court c c 1 eastman's court 1 newcastle street 1,True,Likely table/statistical context: many_numbers=59; repeated_columns=name|place|street; fragmented_or_short=208_tokens
London Hospital,measles,disease,1890,north 1 church passage 1 leman street 4 1 tenter street south 3 4 colchester street 1 little alie street 1 tenter street c c 3 college buildings 1 1 lolesworth buildings 2 1 1 2 1 thomas street 2 1 32 table o continued principal zymotic diseases dealt with during the year name of place small pox scarlet fever typhus fever enteric fever diphtheria measles erysipelas croup name of place small pox scarlet fever typhus fever enteric fever diphtheria measles erysipelas croup name of place small pox scarlet fever typhus fever enteric fever diphtheria measles erysipelas croup commercial street 2 lombard street 2 1 thrawl street 2 corbett's court 1 3 london hospital 1 2 tilley street 2 cox square 1 lower e smithfield 2 tower hill 1 crispin street l mansell street 3 tower of london 1 1 dock street 3 middlesex street 2 2 underwood street 2 1 3 1 dorset street 1 1 mount place 1 vine court w c 1 dunk street 1 mount street 3 1 vire yard 1 duke street 2 newcastle place 1 1 vine court c c 1 eastman's court 1 newcastle street 1,True,Likely table/statistical context: many_numbers=55; repeated_columns=name|place|street; fragmented_or_short=193_tokens
London Hospital,measles,disease,1890,street 1 little alie street 1 tenter street c c 3 college buildings 1 1 lolesworth buildings 2 1 1 2 1 thomas street 2 1 32 table o continued principal zymotic diseases dealt with during the year name of place small pox scarlet fever typhus fever enteric fever diphtheria measles erysipelas croup name of place small pox scarlet fever typhus fever enteric fever diphtheria measles erysipelas croup name of place small pox scarlet fever typhus fever enteric fever diphtheria measles erysipelas croup commercial street 2 lombard street 2 1 thrawl street 2 corbett's court 1 3 london hospital 1 2 tilley street 2 cox square 1 lower e smithfield 2 tower hill 1 crispin street l mansell street 3 tower of london 1 1 dock street 3 middlesex street 2 2 underwood street 2 1 3 1 dorset street 1 1 mount place 1 vine court w c 1 dunk street 1 mount street 3 1 vire yard 1 duke street 2 newcastle place 1 1 vine court c c 1 eastman's court 1 newcastle street 1,True,Likely table/statistical context: many_numbers=49; repeated_columns=name|place|street; fragmented_or_short=178_tokens
London Hospital,measles,disease,1891,leman street 5 4 little pearl street 1 1 mill yard 1 1 old montague street 1 osborn place 6 22 osborn street 1 paternoster row 3 10 princes street 1 9 tenter street 1 thrawl street 10 16 upper east smithfield 2 3 well street 2 wellclose square 2 wentworth street 6 7 wheeler street 1 1 whitechapel road 2 7 white's row 3 total 141 233 the above deaths took place as follows in the whitechapel infirmary 165 london hospital 8 colney hatch asylum 2 guy's hospital 1 homerton hospital 1 shoreditch infirmary 1 at the several lodging houses 55 233 14 cause of death zymotic diseases influenza 11 measles 1 erysipelas 1 other 1 constitutional diseases phthisis 64 other 12 premature birth 3 old age 3 diseases of nervous system 21 circulatory system 21 respiratory 75 digestive 2 urinary 10 accident 4 other causes 4 233 the above plan enables me to show how to some extent the increase in constitutional and respiratory diseases arises and but for which the whitechapel district would compare most favorably with the whole metropolis you will notice that the deaths in registered common,True,Likely table/statistical context: many_numbers=55; repeated_columns=place|street
London Hospital,measles,disease,1892,4 1 3 6 2 king edward street 1 2 1 drum yard 1 katharine buildings 1 4 1 3 duke street 4 1 lamb street 3 1 dunk street 3 1 3 lambeth street 3 1 2 duncan street 2 leman street 8 5 1 east mount street 1 little alie street 5 3 eastmans court 2 little john street 1 eagle place 1 little pearl street 1 1 eele street 1 lombard street 2 2 elizabeth place 1 london hospital 5 12 1 10 ely place 1 4 lolesworth buildings 2 12 1 35 table o continued principal zymotic diseases dealt with during the year 1892 name of place small pox scarlet fever typhus fever enteric fever diphtheria measles erysipelas membrns croup name of place small pox scarlet fever typhus fever enteric fever diphtheria measles erysipelas membrns croup mansell street 1 1 royal mint street 1 3 2 1 1 montague place 5 rupert street 1 2 1 montague st little 1 royal mint square 2 1 2 moss's buildings 2 regal place 1 2 mount street 2 1 rothschilds buldngs 17 2 4 2 2 mountford street 4 1 royal mint 1 1 mundys place 2 sandys row,True,Likely table/statistical context: many_numbers=80; repeated_columns=name|place|street; fragmented_or_short=201_tokens
Commercial Street,fever,disease,1890,church lane 2 lamb street 3 2 tenter street east 2 church street c c 2 lardners buildings 1 tenter street north 1 church passage 1 leman street 4 1 tenter street south 3 4 colchester street 1 little alie street 1 tenter street c c 3 college buildings 1 1 lolesworth buildings 2 1 1 2 1 thomas street 2 1 32 table o continued principal zymotic diseases dealt with during the year name of place small pox scarlet fever typhus fever enteric fever diphtheria measles erysipelas croup name of place small pox scarlet fever typhus fever enteric fever diphtheria measles erysipelas croup name of place small pox scarlet fever typhus fever enteric fever diphtheria measles erysipelas croup commercial street 2 lombard street 2 1 thrawl street 2 corbett's court 1 3 london hospital 1 2 tilley street 2 cox square 1 lower e smithfield 2 tower hill 1 crispin street l mansell street 3 tower of london 1 1 dock street 3 middlesex street 2 2 underwood street 2 1 3 1 dorset street 1 1 mount place 1 vine court w c 1 dunk street 1 mount street 3 1 vire yard 1 duke street 2 newcastle,True,Likely table/statistical context: many_numbers=56; repeated_columns=name|place|street; fragmented_or_short=200_tokens
Commercial Street,fever,disease,1890,2 lamb street 3 2 tenter street east 2 church street c c 2 lardners buildings 1 tenter street north 1 church passage 1 leman street 4 1 tenter street south 3 4 colchester street 1 little alie street 1 tenter street c c 3 college buildings 1 1 lolesworth buildings 2 1 1 2 1 thomas street 2 1 32 table o continued principal zymotic diseases dealt with during the year name of place small pox scarlet fever typhus fever enteric fever diphtheria measles erysipelas croup name of place small pox scarlet fever typhus fever enteric fever diphtheria measles erysipelas croup name of place small pox scarlet fever typhus fever enteric fever diphtheria measles erysipelas croup commercial street 2 lombard street 2 1 thrawl street 2 corbett's court 1 3 london hospital 1 2 tilley street 2 cox square 1 lower e smithfield 2 tower hill 1 crispin street l mansell street 3 tower of london 1 1 dock street 3 middlesex street 2 2 underwood street 2 1 3 1 dorset street 1 1 mount place 1 vine court w c 1 dunk street 1 mount street 3 1 vire yard 1 duke street 2 newcastle,True,Likely table/statistical context: many_numbers=56; repeated_columns=name|place|street; fragmented_or_short=198_tokens
Commercial Street,fever,disease,1890,street 3 2 tenter street east 2 church street c c 2 lardners buildings 1 tenter street north 1 church passage 1 leman street 4 1 tenter street south 3 4 colchester street 1 little alie street 1 tenter street c c 3 college buildings 1 1 lolesworth buildings 2 1 1 2 1 thomas street 2 1 32 table o continued principal zymotic diseases dealt with during the year name of place small pox scarlet fever typhus fever enteric fever diphtheria measles erysipelas croup name of place small pox scarlet fever typhus fever enteric fever diphtheria measles erysipelas croup name of place small pox scarlet fever typhus fever enteric fever diphtheria measles erysipelas croup commercial street 2 lombard street 2 1 thrawl street 2 corbett's court 1 3 london hospital 1 2 tilley street 2 cox square 1 lower e smithfield 2 tower hill 1 crispin street l mansell street 3 tower of london 1 1 dock street 3 middlesex street 2 2 underwood street 2 1 3 1 dorset street 1 1 mount place 1 vine court w c 1 dunk street 1 mount street 3 1 vire yard 1 duke street 2 newcastle,True,Likely table/statistical context: many_numbers=55; repeated_columns=name|place|street; fragmented_or_short=196_tokens
Commercial Street,fever,disease,1890,2 lardners buildings 1 tenter street north 1 church passage 1 leman street 4 1 tenter street south 3 4 colchester street 1 little alie street 1 tenter street c c 3 college buildings 1 1 lolesworth buildings 2 1 1 2 1 thomas street 2 1 32 table o continued principal zymotic diseases dealt with during the year name of place small pox scarlet fever typhus fever enteric fever diphtheria measles erysipelas croup name of place small pox scarlet fever typhus fever enteric fever diphtheria measles erysipelas croup name of place small pox scarlet fever typhus fever enteric fever diphtheria measles erysipelas croup commercial street 2 lombard street 2 1 thrawl street 2 corbett's court 1 3 london hospital 1 2 tilley street 2 cox square 1 lower e smithfield 2 tower hill 1 crispin street l mansell street 3 tower of london 1 1 dock street 3 middlesex street 2 2 underwood street 2 1 3 1 dorset street 1 1 mount place 1 vine court w c 1 dunk street 1 mount street 3 1 vire yard 1 duke street 2 newcastle,True,Likely table/statistical context: many_numbers=52; repeated_columns=name|place|street; fragmented_or_short=185_tokens
Commercial Street,fever,disease,1890,buildings 1 tenter street north 1 church passage 1 leman street 4 1 tenter street south 3 4 colchester street 1 little alie street 1 tenter street c c 3 college buildings 1 1 lolesworth buildings 2 1 1 2 1 thomas street 2 1 32 table o continued principal zymotic diseases dealt with during the year name of place small pox scarlet fever typhus fever enteric fever diphtheria measles erysipelas croup name of place small pox scarlet fever typhus fever enteric fever diphtheria measles erysipelas croup name of place small pox scarlet fever typhus fever enteric fever diphtheria measles erysipelas croup commercial street 2 lombard street 2 1 thrawl street 2 corbett's court 1 3 london hospital 1 2 tilley street 2 cox square 1 lower e smithfield 2 tower hill 1 crispin street l mansell street 3 tower of london 1 1 dock street 3 middlesex street 2 2 underwood street 2 1 3 1 dorset street 1 1 mount place 1 vine court w c 1 dunk street 1 mount street 3 1 vire yard 1 duke street 2 newcastle,True,Likely table/statistical context: many_numbers=51; repeated_columns=name|place|street; fragmented_or_short=183_tokens
London Hospital,diphtheria,disease,1890,3 2 tenter street east 2 church street c c 2 lardners buildings 1 tenter street north 1 church passage 1 leman street 4 1 tenter street south 3 4 colchester street 1 little alie street 1 tenter street c c 3 college buildings 1 1 lolesworth buildings 2 1 1 2 1 thomas street 2 1 32 table o continued principal zymotic diseases dealt with during the year name of place small pox scarlet fever typhus fever enteric fever diphtheria measles erysipelas croup name of place small pox scarlet fever typhus fever enteric fever diphtheria measles erysipelas croup name of place small pox scarlet fever typhus fever enteric fever diphtheria measles erysipelas croup commercial street 2 lombard street 2 1 thrawl street 2 corbett's court 1 3 london hospital 1 2 tilley street 2 cox square 1 lower e smithfield 2 tower hill 1 crispin street l mansell street 3 tower of london 1 1 dock street 3 middlesex street 2 2 underwood street 2 1 3 1 dorset street 1 1 mount place 1 vine court w c 1 dunk street 1 mount street 3 1 vire yard 1 duke street 2 newcastle place 1 1 vine court c c 1 eastman's court 1 newcastle street 1,True,Likely table/statistical context: many_numbers=60; repeated_columns=name|place|street; fragmented_or_short=209_tokens
London Hospital,diphtheria,disease,1890,street north 1 church passage 1 leman street 4 1 tenter street south 3 4 colchester street 1 little alie street 1 tenter street c c 3 college buildings 1 1 lolesworth buildings 2 1 1 2 1 thomas street 2 1 32 table o continued principal zymotic diseases dealt with during the year name of place small pox scarlet fever typhus fever enteric fever diphtheria measles erysipelas croup name of place small pox scarlet fever typhus fever enteric fever diphtheria measles erysipelas croup name of place small pox scarlet fever typhus fever enteric fever diphtheria measles erysipelas croup commercial street 2 lombard street 2 1 thrawl street 2 corbett's court 1 3 london hospital 1 2 tilley street 2 cox square 1 lower e smithfield 2 tower hill 1 crispin street l mansell street 3 tower of london 1 1 dock street 3 middlesex street 2 2 underwood street 2 1 3 1 dorset street 1 1 mount place 1 vine court w c 1 dunk street 1 mount street 3 1 vire yard 1 duke street 2 newcastle place 1 1 vine court c c 1 eastman's court 1 newcastle street 1,True,Likely table/statistical context: many_numbers=55; repeated_columns=name|place|street; fragmented_or_short=194_tokens
London Hospital,diphtheria,disease,1890,colchester street 1 little alie street 1 tenter street c c 3 college buildings 1 1 lolesworth buildings 2 1 1 2 1 thomas street 2 1 32 table o continued principal zymotic diseases dealt with during the year name of place small pox scarlet fever typhus fever enteric fever diphtheria measles erysipelas croup name of place small pox scarlet fever typhus fever enteric fever diphtheria measles erysipelas croup name of place small pox scarlet fever typhus fever enteric fever diphtheria measles erysipelas croup commercial street 2 lombard street 2 1 thrawl street 2 corbett's court 1 3 london hospital 1 2 tilley street 2 cox square 1 lower e smithfield 2 tower hill 1 crispin street l mansell street 3 tower of london 1 1 dock street 3 middlesex street 2 2 underwood street 2 1 3 1 dorset street 1 1 mount place 1 vine court w c 1 dunk street 1 mount street 3 1 vire yard 1 duke street 2 newcastle place 1 1 vine court c c 1 eastman's court 1 newcastle street 1,True,Likely table/statistical context: many_numbers=49; repeated_columns=name|place|street; fragmented_or_short=179_tokens
London Hospital,diphtheria,disease,1892,4 1 3 6 2 king edward street 1 2 1 drum yard 1 katharine buildings 1 4 1 3 duke street 4 1 lamb street 3 1 dunk street 3 1 3 lambeth street 3 1 2 duncan street 2 leman street 8 5 1 east mount street 1 little alie street 5 3 eastmans court 2 little john street 1 eagle place 1 little pearl street 1 1 eele street 1 lombard street 2 2 elizabeth place 1 london hospital 5 12 1 10 ely place 1 4 lolesworth buildings 2 12 1 35 table o continued principal zymotic diseases dealt with during the year 1892 name of place small pox scarlet fever typhus fever enteric fever diphtheria measles erysipelas membrns croup name of place small pox scarlet fever typhus fever enteric fever diphtheria measles erysipelas membrns croup mansell street 1 1 royal mint street 1 3 2 1 1 montague place 5 rupert street 1 2 1 montague st little 1 royal mint square 2 1 2 moss's buildings 2 regal place 1 2 mount street 2 1 rothschilds buldngs 17 2 4 2 2 mountford street 4 1 royal mint 1 1 mundys place 2 sandys,True,Likely table/statistical context: many_numbers=80; repeated_columns=name|place|street; fragmented_or_short=200_tokens
London Hospital,diphtheria,disease,1895,2 dock street 3 1 1 leman street 8 6 dorset street 1 1 5 little alie street 3 2 drum yard 1 little pearl street 1 2 duke street 1 1 2 1 little tongue yard dunk street 5 1 lolesworth street 1 2 duncan street 1 lombard street 1 durward street 2 2 2 1 lotus court 1 43 table o continued principal zymotic diseases dealt with during the year 1895 name of place small pox scarlet fever diphtheria member croup typhus fever typhoid fever puerperal fever erysipelas measles name of place small pox scarlet fever diphtheria member croup typhus fever typhoid fever puerperal fever erysipelas measles london hospital 20 14 2 1 rothchild's buildings 4 4 1 1 lolesworth buildings 7 2 3 sandy's row 1 mansell street 1 2 scarborough street 1 1 middlesex street 1 1 shepherd street 1 miller's court 1 shepherd buildings 1 montague street bell lane 3 short street 2 spectacle alley 1 moss buildings 1 3 3 1 spital street 1 3 mount street 2 4 1 spital square mount place 1 spring gardens 1 4 3 1 mountford street 2,True,Likely table/statistical context: many_numbers=70; repeated_columns=name|place|street; fragmented_or_short=190_tokens
